cycle,branch,model,modeldate,candidate_inc,candidate_chal,candidate_3rd,state,step_no,value_inc,value_chal,value_3rd,weight,step_description,timestamp,simulations
2020,President,polls-plus,11/3/2020,Trump,Biden,"",Wyoming,9,65.85735,31.01974,,,Projected vote share,00:00:48  3 Nov 2020,40000
2020,President,polls-plus,11/3/2020,Trump,Biden,"",Wyoming,8,69.50752,27.36957,,0,Blend with economic fundamentals,00:00:48  3 Nov 2020,40000
2020,President,polls-plus,11/3/2020,Trump,Biden,"",Wyoming,7,65.85735,31.01974,,,Snapshot,00:00:48  3 Nov 2020,40000
2020,President,polls-plus,11/3/2020,Trump,Biden,"",Wyoming,6,68.39531,28.48178,,.3978052,Blend with regression,00:00:48  3 Nov 2020,40000
2020,President,polls-plus,11/3/2020,Trump,Biden,"",Wyoming,5,64.18079,32.6963,,,Reallocated vote share,00:00:48  3 Nov 2020,40000
2020,President,polls-plus,11/3/2020,Trump,Biden,"",Wyoming,4,1.870308,1.87031,,,Reallocate undecideds and third-party votes,00:00:48  3 Nov 2020,40000
2020,President,polls-plus,11/3/2020,Trump,Biden,"",Wyoming,3,62.31048,30.82599,,,Adjusted polling average,00:00:48  3 Nov 2020,40000
2020,President,polls-plus,11/3/2020,Trump,Biden,"",Wyoming,2,0,0,,,Adjust for bounces & recent events,00:00:48  3 Nov 2020,40000
2020,President,polls-plus,11/3/2020,Trump,Biden,"",Wyoming,1,62.31048,30.82599,,,Polling average,00:00:48  3 Nov 2020,40000
2020,President,polls-plus,11/3/2020,Trump,Biden,"",Wyoming,10,.998375,.001625,,,Chance of winning,00:00:48  3 Nov 2020,40000
2020,President,polls-plus,11/3/2020,Trump,Biden,"",Wisconsin,9,45.36861,53.70092,,,Projected vote share,00:00:48  3 Nov 2020,40000
2020,President,polls-plus,11/3/2020,Trump,Biden,"",Wisconsin,8,49.63836,49.43117,,0,Blend with economic fundamentals,00:00:48  3 Nov 2020,40000
2020,President,polls-plus,11/3/2020,Trump,Biden,"",Wisconsin,7,45.36861,53.70092,,,Snapshot,00:00:48  3 Nov 2020,40000
2020,President,polls-plus,11/3/2020,Trump,Biden,"",Wisconsin,6,46.12221,52.94732,,.0353781,Blend with regression,00:00:48  3 Nov 2020,40000
2020,President,polls-plus,11/3/2020,Trump,Biden,"",Wisconsin,5,45.34097,53.72856,,,Reallocated vote share,00:00:48  3 Nov 2020,40000
2020,President,polls-plus,11/3/2020,Trump,Biden,"",Wisconsin,4,1.632706,1.632713,,,Reallocate undecideds and third-party votes,00:00:48  3 Nov 2020,40000
2020,President,polls-plus,11/3/2020,Trump,Biden,"",Wisconsin,3,43.70826,52.09584,,,Adjusted polling average,00:00:48  3 Nov 2020,40000
2020,President,polls-plus,11/3/2020,Trump,Biden,"",Wisconsin,2,0,0,,,Adjust for bounces & recent events,00:00:48  3 Nov 2020,40000
2020,President,polls-plus,11/3/2020,Trump,Biden,"",Wisconsin,1,43.70826,52.09584,,,Polling average,00:00:48  3 Nov 2020,40000
2020,President,polls-plus,11/3/2020,Trump,Biden,"",Wisconsin,10,.056425,.943575,,,Chance of winning,00:00:48  3 Nov 2020,40000
2020,President,polls-plus,11/3/2020,Trump,Biden,"",West Virginia,9,64.55909,33.71331,,,Projected vote share,00:00:48  3 Nov 2020,40000
2020,President,polls-plus,11/3/2020,Trump,Biden,"",West Virginia,8,68.37778,29.89461,,0,Blend with economic fundamentals,00:00:48  3 Nov 2020,40000
2020,President,polls-plus,11/3/2020,Trump,Biden,"",West Virginia,7,64.55909,33.71331,,,Snapshot,00:00:48  3 Nov 2020,40000
2020,President,polls-plus,11/3/2020,Trump,Biden,"",West Virginia,6,66.34422,31.92817,,.3838067,Blend with regression,00:00:48  3 Nov 2020,40000
2020,President,polls-plus,11/3/2020,Trump,Biden,"",West Virginia,5,63.44719,34.82521,,,Reallocated vote share,00:00:48  3 Nov 2020,40000
2020,President,polls-plus,11/3/2020,Trump,Biden,"",West Virginia,4,1.310032,1.310032,,,Reallocate undecideds and third-party votes,00:00:48  3 Nov 2020,40000
2020,President,polls-plus,11/3/2020,Trump,Biden,"",West Virginia,3,62.13716,33.51517,,,Adjusted polling average,00:00:48  3 Nov 2020,40000
2020,President,polls-plus,11/3/2020,Trump,Biden,"",West Virginia,2,0,0,,,Adjust for bounces & recent events,00:00:48  3 Nov 2020,40000
2020,President,polls-plus,11/3/2020,Trump,Biden,"",West Virginia,1,62.13716,33.51517,,,Polling average,00:00:48  3 Nov 2020,40000
2020,President,polls-plus,11/3/2020,Trump,Biden,"",West Virginia,10,.992825,.007175,,,Chance of winning,00:00:48  3 Nov 2020,40000
2020,President,polls-plus,11/3/2020,Trump,Biden,"",Washington,9,36.99554,60.80156,,,Projected vote share,00:00:48  3 Nov 2020,40000
2020,President,polls-plus,11/3/2020,Trump,Biden,"",Washington,8,41.08025,56.71685,,0,Blend with economic fundamentals,00:00:48  3 Nov 2020,40000
2020,President,polls-plus,11/3/2020,Trump,Biden,"",Washington,7,36.99554,60.80156,,,Snapshot,00:00:48  3 Nov 2020,40000
2020,President,polls-plus,11/3/2020,Trump,Biden,"",Washington,6,36.2455,61.55159,,.3632783,Blend with regression,00:00:48  3 Nov 2020,40000
2020,President,polls-plus,11/3/2020,Trump,Biden,"",Washington,5,37.42347,60.37363,,,Reallocated vote share,00:00:48  3 Nov 2020,40000
2020,President,polls-plus,11/3/2020,Trump,Biden,"",Washington,4,.9795532,.9795494,,,Reallocate undecideds and third-party votes,00:00:48  3 Nov 2020,40000
2020,President,polls-plus,11/3/2020,Trump,Biden,"",Washington,3,36.44392,59.39408,,,Adjusted polling average,00:00:48  3 Nov 2020,40000
2020,President,polls-plus,11/3/2020,Trump,Biden,"",Washington,2,0,0,,,Adjust for bounces & recent events,00:00:48  3 Nov 2020,40000
2020,President,polls-plus,11/3/2020,Trump,Biden,"",Washington,1,36.44392,59.39408,,,Polling average,00:00:48  3 Nov 2020,40000
2020,President,polls-plus,11/3/2020,Trump,Biden,"",Washington,10,.00845,.99155,,,Chance of winning,00:00:48  3 Nov 2020,40000
2020,President,polls-plus,11/3/2020,Trump,Biden,"",Virginia,9,43.28141,55.78529,,,Projected vote share,00:00:48  3 Nov 2020,40000
2020,President,polls-plus,11/3/2020,Trump,Biden,"",Virginia,8,47.53333,51.53338,,0,Blend with economic fundamentals,00:00:48  3 Nov 2020,40000
2020,President,polls-plus,11/3/2020,Trump,Biden,"",Virginia,7,43.28141,55.78529,,,Snapshot,00:00:48  3 Nov 2020,40000
2020,President,polls-plus,11/3/2020,Trump,Biden,"",Virginia,6,41.97566,57.09105,,.2075899,Blend with regression,00:00:48  3 Nov 2020,40000
2020,President,polls-plus,11/3/2020,Trump,Biden,"",Virginia,5,43.62349,55.44322,,,Reallocated vote share,00:00:48  3 Nov 2020,40000
2020,President,polls-plus,11/3/2020,Trump,Biden,"",Virginia,4,1.722214,1.722214,,,Reallocate undecideds and third-party votes,00:00:48  3 Nov 2020,40000
2020,President,polls-plus,11/3/2020,Trump,Biden,"",Virginia,3,41.90127,53.72101,,,Adjusted polling average,00:00:48  3 Nov 2020,40000
2020,President,polls-plus,11/3/2020,Trump,Biden,"",Virginia,2,0,0,,,Adjust for bounces & recent events,00:00:48  3 Nov 2020,40000
2020,President,polls-plus,11/3/2020,Trump,Biden,"",Virginia,1,41.90127,53.72101,,,Polling average,00:00:48  3 Nov 2020,40000
2020,President,polls-plus,11/3/2020,Trump,Biden,"",Virginia,10,.009775,.990225,,,Chance of winning,00:00:48  3 Nov 2020,40000
2020,President,polls-plus,11/3/2020,Trump,Biden,"",Vermont,9,28.96526,67.35507,,,Projected vote share,00:00:48  3 Nov 2020,40000
2020,President,polls-plus,11/3/2020,Trump,Biden,"",Vermont,8,32.69085,63.62948,,0,Blend with economic fundamentals,00:00:48  3 Nov 2020,40000
2020,President,polls-plus,11/3/2020,Trump,Biden,"",Vermont,7,28.96526,67.35507,,,Snapshot,00:00:48  3 Nov 2020,40000
2020,President,polls-plus,11/3/2020,Trump,Biden,"",Vermont,6,29.26148,67.05885,,.374746,Blend with regression,00:00:48  3 Nov 2020,40000
2020,President,polls-plus,11/3/2020,Trump,Biden,"",Vermont,5,28.78772,67.53261,,,Reallocated vote share,00:00:48  3 Nov 2020,40000
2020,President,polls-plus,11/3/2020,Trump,Biden,"",Vermont,4,1.017048,1.017044,,,Reallocate undecideds and third-party votes,00:00:48  3 Nov 2020,40000
2020,President,polls-plus,11/3/2020,Trump,Biden,"",Vermont,3,27.77067,66.51556,,,Adjusted polling average,00:00:48  3 Nov 2020,40000
2020,President,polls-plus,11/3/2020,Trump,Biden,"",Vermont,2,0,0,,,Adjust for bounces & recent events,00:00:48  3 Nov 2020,40000
2020,President,polls-plus,11/3/2020,Trump,Biden,"",Vermont,1,27.77067,66.51556,,,Polling average,00:00:48  3 Nov 2020,40000
2020,President,polls-plus,11/3/2020,Trump,Biden,"",Vermont,10,.004025,.995975,,,Chance of winning,00:00:48  3 Nov 2020,40000
2020,President,polls-plus,11/3/2020,Trump,Biden,"",Utah,9,55.49554,41.6984,,,Projected vote share,00:00:48  3 Nov 2020,40000
2020,President,polls-plus,11/3/2020,Trump,Biden,"",Utah,8,59.57781,37.61613,,0,Blend with economic fundamentals,00:00:48  3 Nov 2020,40000
2020,President,polls-plus,11/3/2020,Trump,Biden,"",Utah,7,55.49554,41.6984,,,Snapshot,00:00:48  3 Nov 2020,40000
2020,President,polls-plus,11/3/2020,Trump,Biden,"",Utah,6,59.60456,37.58939,,.3247445,Blend with regression,00:00:48  3 Nov 2020,40000
2020,President,polls-plus,11/3/2020,Trump,Biden,"",Utah,5,53.51944,43.67451,,,Reallocated vote share,00:00:48  3 Nov 2020,40000
2020,President,polls-plus,11/3/2020,Trump,Biden,"",Utah,4,1.599602,1.599602,,,Reallocate undecideds and third-party votes,00:00:48  3 Nov 2020,40000
2020,President,polls-plus,11/3/2020,Trump,Biden,"",Utah,3,51.91983,42.07491,,,Adjusted polling average,00:00:48  3 Nov 2020,40000
2020,President,polls-plus,11/3/2020,Trump,Biden,"",Utah,2,0,0,,,Adjust for bounces & recent events,00:00:48  3 Nov 2020,40000
2020,President,polls-plus,11/3/2020,Trump,Biden,"",Utah,1,51.91983,42.07491,,,Polling average,00:00:48  3 Nov 2020,40000
2020,President,polls-plus,11/3/2020,Trump,Biden,"",Utah,10,.9544,.0456,,,Chance of winning,00:00:48  3 Nov 2020,40000
2020,President,polls-plus,11/3/2020,Trump,Biden,"",Texas,9,50.30696,48.78962,,,Projected vote share,00:00:48  3 Nov 2020,40000
2020,President,polls-plus,11/3/2020,Trump,Biden,"",Texas,8,54.57207,44.52451,,0,Blend with economic fundamentals,00:00:48  3 Nov 2020,40000
2020,President,polls-plus,11/3/2020,Trump,Biden,"",Texas,7,50.30696,48.78962,,,Snapshot,00:00:48  3 Nov 2020,40000
2020,President,polls-plus,11/3/2020,Trump,Biden,"",Texas,6,52.69384,46.40274,,.0732318,Blend with regression,00:00:48  3 Nov 2020,40000
2020,President,polls-plus,11/3/2020,Trump,Biden,"",Texas,5,50.11835,48.97823,,,Reallocated vote share,00:00:48  3 Nov 2020,40000
2020,President,polls-plus,11/3/2020,Trump,Biden,"",Texas,4,1.530415,1.530418,,,Reallocate undecideds and third-party votes,00:00:48  3 Nov 2020,40000
2020,President,polls-plus,11/3/2020,Trump,Biden,"",Texas,3,48.58794,47.44781,,,Adjusted polling average,00:00:48  3 Nov 2020,40000
2020,President,polls-plus,11/3/2020,Trump,Biden,"",Texas,2,0,0,,,Adjust for bounces & recent events,00:00:48  3 Nov 2020,40000
2020,President,polls-plus,11/3/2020,Trump,Biden,"",Texas,1,48.58794,47.44781,,,Polling average,00:00:48  3 Nov 2020,40000
2020,President,polls-plus,11/3/2020,Trump,Biden,"",Texas,10,.617525,.382475,,,Chance of winning,00:00:48  3 Nov 2020,40000
2020,President,polls-plus,11/3/2020,Trump,Biden,"",Tennessee,9,57.26666,41.55365,,,Projected vote share,00:00:48  3 Nov 2020,40000
2020,President,polls-plus,11/3/2020,Trump,Biden,"",Tennessee,8,61.39529,37.42502,,0,Blend with economic fundamentals,00:00:48  3 Nov 2020,40000
2020,President,polls-plus,11/3/2020,Trump,Biden,"",Tennessee,7,57.26665,41.55365,,,Snapshot,00:00:48  3 Nov 2020,40000
2020,President,polls-plus,11/3/2020,Trump,Biden,"",Tennessee,6,58.84432,39.97599,,.3986327,Blend with regression,00:00:48  3 Nov 2020,40000
2020,President,polls-plus,11/3/2020,Trump,Biden,"",Tennessee,5,56.22086,42.59945,,,Reallocated vote share,00:00:48  3 Nov 2020,40000
2020,President,polls-plus,11/3/2020,Trump,Biden,"",Tennessee,4,1.154343,1.154343,,,Reallocate undecideds and third-party votes,00:00:48  3 Nov 2020,40000
2020,President,polls-plus,11/3/2020,Trump,Biden,"",Tennessee,3,55.06652,41.44511,,,Adjusted polling average,00:00:48  3 Nov 2020,40000
2020,President,polls-plus,11/3/2020,Trump,Biden,"",Tennessee,2,-.050518,.0210838,,,Adjust for bounces & recent events,00:00:48  3 Nov 2020,40000
2020,President,polls-plus,11/3/2020,Trump,Biden,"",Tennessee,1,55.11703,41.42402,,,Polling average,00:00:48  3 Nov 2020,40000
2020,President,polls-plus,11/3/2020,Trump,Biden,"",Tennessee,10,.967525,.032475,,,Chance of winning,00:00:48  3 Nov 2020,40000
2020,President,polls-plus,11/3/2020,Trump,Biden,"",South Dakota,9,57.83313,40.78484,,,Projected vote share,00:00:48  3 Nov 2020,40000
2020,President,polls-plus,11/3/2020,Trump,Biden,"",South Dakota,8,61.93407,36.68389,,0,Blend with economic fundamentals,00:00:48  3 Nov 2020,40000
2020,President,polls-plus,11/3/2020,Trump,Biden,"",South Dakota,7,57.83313,40.78484,,,Snapshot,00:00:48  3 Nov 2020,40000
2020,President,polls-plus,11/3/2020,Trump,Biden,"",South Dakota,6,59.27574,39.34222,,.3573434,Blend with regression,00:00:48  3 Nov 2020,40000
2020,President,polls-plus,11/3/2020,Trump,Biden,"",South Dakota,5,57.03098,41.58699,,,Reallocated vote share,00:00:48  3 Nov 2020,40000
2020,President,polls-plus,11/3/2020,Trump,Biden,"",South Dakota,4,2.544537,2.544533,,,Reallocate undecideds and third-party votes,00:00:48  3 Nov 2020,40000
2020,President,polls-plus,11/3/2020,Trump,Biden,"",South Dakota,3,54.48644,39.04246,,,Adjusted polling average,00:00:48  3 Nov 2020,40000
2020,President,polls-plus,11/3/2020,Trump,Biden,"",South Dakota,2,0,0,,,Adjust for bounces & recent events,00:00:48  3 Nov 2020,40000
2020,President,polls-plus,11/3/2020,Trump,Biden,"",South Dakota,1,54.48644,39.04246,,,Polling average,00:00:48  3 Nov 2020,40000
2020,President,polls-plus,11/3/2020,Trump,Biden,"",South Dakota,10,.948125,.051875,,,Chance of winning,00:00:48  3 Nov 2020,40000
2020,President,polls-plus,11/3/2020,Trump,Biden,"",South Carolina,9,53.36808,45.88861,,,Projected vote share,00:00:48  3 Nov 2020,40000
2020,President,polls-plus,11/3/2020,Trump,Biden,"",South Carolina,8,57.60451,41.65218,,0,Blend with economic fundamentals,00:00:48  3 Nov 2020,40000
2020,President,polls-plus,11/3/2020,Trump,Biden,"",South Carolina,7,53.36808,45.88861,,,Snapshot,00:00:48  3 Nov 2020,40000
2020,President,polls-plus,11/3/2020,Trump,Biden,"",South Carolina,6,54.14263,45.11405,,.2040497,Blend with regression,00:00:48  3 Nov 2020,40000
2020,President,polls-plus,11/3/2020,Trump,Biden,"",South Carolina,5,53.16951,46.08717,,,Reallocated vote share,00:00:48  3 Nov 2020,40000
2020,President,polls-plus,11/3/2020,Trump,Biden,"",South Carolina,4,1.579582,1.579586,,,Reallocate undecideds and third-party votes,00:00:48  3 Nov 2020,40000
2020,President,polls-plus,11/3/2020,Trump,Biden,"",South Carolina,3,51.58993,44.50759,,,Adjusted polling average,00:00:48  3 Nov 2020,40000
2020,President,polls-plus,11/3/2020,Trump,Biden,"",South Carolina,2,0,0,,,Adjust for bounces & recent events,00:00:48  3 Nov 2020,40000
2020,President,polls-plus,11/3/2020,Trump,Biden,"",South Carolina,1,51.58993,44.50759,,,Polling average,00:00:48  3 Nov 2020,40000
2020,President,polls-plus,11/3/2020,Trump,Biden,"",South Carolina,10,.899975,.100025,,,Chance of winning,00:00:48  3 Nov 2020,40000
2020,President,polls-plus,11/3/2020,Trump,Biden,"",Rhode Island,9,35.6321,62.9809,,,Projected vote share,00:00:48  3 Nov 2020,40000
2020,President,polls-plus,11/3/2020,Trump,Biden,"",Rhode Island,8,39.69975,58.91325,,0,Blend with economic fundamentals,00:00:48  3 Nov 2020,40000
2020,President,polls-plus,11/3/2020,Trump,Biden,"",Rhode Island,7,35.6321,62.9809,,,Snapshot,00:00:48  3 Nov 2020,40000
2020,President,polls-plus,11/3/2020,Trump,Biden,"",Rhode Island,6,36.50851,62.10449,,.6472684,Blend with regression,00:00:48  3 Nov 2020,40000
2020,President,polls-plus,11/3/2020,Trump,Biden,"",Rhode Island,5,34.02387,64.58913,,,Reallocated vote share,00:00:48  3 Nov 2020,40000
2020,President,polls-plus,11/3/2020,Trump,Biden,"",Rhode Island,4,1.659901,1.659908,,,Reallocate undecideds and third-party votes,00:00:48  3 Nov 2020,40000
2020,President,polls-plus,11/3/2020,Trump,Biden,"",Rhode Island,3,32.36397,62.92922,,,Adjusted polling average,00:00:48  3 Nov 2020,40000
2020,President,polls-plus,11/3/2020,Trump,Biden,"",Rhode Island,2,0,0,,,Adjust for bounces & recent events,00:00:48  3 Nov 2020,40000
2020,President,polls-plus,11/3/2020,Trump,Biden,"",Rhode Island,1,32.36397,62.92922,,,Polling average,00:00:48  3 Nov 2020,40000
2020,President,polls-plus,11/3/2020,Trump,Biden,"",Rhode Island,10,.00085,.99915,,,Chance of winning,00:00:48  3 Nov 2020,40000
2020,President,polls-plus,11/3/2020,Trump,Biden,"",Pennsylvania,9,47.31551,51.98931,,,Projected vote share,00:00:48  3 Nov 2020,40000
2020,President,polls-plus,11/3/2020,Trump,Biden,"",Pennsylvania,8,51.60101,47.70381,,0,Blend with economic fundamentals,00:00:48  3 Nov 2020,40000
2020,President,polls-plus,11/3/2020,Trump,Biden,"",Pennsylvania,7,47.31551,51.98931,,,Snapshot,00:00:48  3 Nov 2020,40000
2020,President,polls-plus,11/3/2020,Trump,Biden,"",Pennsylvania,6,45.88602,53.4188,,.0069211,Blend with regression,00:00:48  3 Nov 2020,40000
2020,President,polls-plus,11/3/2020,Trump,Biden,"",Pennsylvania,5,47.32547,51.97935,,,Reallocated vote share,00:00:48  3 Nov 2020,40000
2020,President,polls-plus,11/3/2020,Trump,Biden,"",Pennsylvania,4,1.775124,1.775127,,,Reallocate undecideds and third-party votes,00:00:48  3 Nov 2020,40000
2020,President,polls-plus,11/3/2020,Trump,Biden,"",Pennsylvania,3,45.55034,50.20422,,,Adjusted polling average,00:00:48  3 Nov 2020,40000
2020,President,polls-plus,11/3/2020,Trump,Biden,"",Pennsylvania,2,0,0,,,Adjust for bounces & recent events,00:00:48  3 Nov 2020,40000
2020,President,polls-plus,11/3/2020,Trump,Biden,"",Pennsylvania,1,45.55034,50.20422,,,Polling average,00:00:48  3 Nov 2020,40000
2020,President,polls-plus,11/3/2020,Trump,Biden,"",Pennsylvania,10,.1569,.8431,,,Chance of winning,00:00:48  3 Nov 2020,40000
2020,President,polls-plus,11/3/2020,Trump,Biden,"",Oregon,9,39.26397,58.72105,,,Projected vote share,00:00:48  3 Nov 2020,40000
2020,President,polls-plus,11/3/2020,Trump,Biden,"",Oregon,8,43.41108,54.57395,,0,Blend with economic fundamentals,00:00:48  3 Nov 2020,40000
2020,President,polls-plus,11/3/2020,Trump,Biden,"",Oregon,7,39.26397,58.72105,,,Snapshot,00:00:48  3 Nov 2020,40000
2020,President,polls-plus,11/3/2020,Trump,Biden,"",Oregon,6,40.82025,57.16477,,.3683354,Blend with regression,00:00:48  3 Nov 2020,40000
2020,President,polls-plus,11/3/2020,Trump,Biden,"",Oregon,5,38.35648,59.62854,,,Reallocated vote share,00:00:48  3 Nov 2020,40000
2020,President,polls-plus,11/3/2020,Trump,Biden,"",Oregon,4,.9243202,.9243164,,,Reallocate undecideds and third-party votes,00:00:48  3 Nov 2020,40000
2020,President,polls-plus,11/3/2020,Trump,Biden,"",Oregon,3,37.43216,58.70422,,,Adjusted polling average,00:00:48  3 Nov 2020,40000
2020,President,polls-plus,11/3/2020,Trump,Biden,"",Oregon,2,0,0,,,Adjust for bounces & recent events,00:00:48  3 Nov 2020,40000
2020,President,polls-plus,11/3/2020,Trump,Biden,"",Oregon,1,37.43216,58.70422,,,Polling average,00:00:48  3 Nov 2020,40000
2020,President,polls-plus,11/3/2020,Trump,Biden,"",Oregon,10,.01845,.98155,,,Chance of winning,00:00:48  3 Nov 2020,40000
2020,President,polls-plus,11/3/2020,Trump,Biden,"",Oklahoma,9,62.09821,36.84433,,,Projected vote share,00:00:48  3 Nov 2020,40000
2020,President,polls-plus,11/3/2020,Trump,Biden,"",Oklahoma,8,66.07149,32.87105,,0,Blend with economic fundamentals,00:00:48  3 Nov 2020,40000
2020,President,polls-plus,11/3/2020,Trump,Biden,"",Oklahoma,7,62.09821,36.84433,,,Snapshot,00:00:48  3 Nov 2020,40000
2020,President,polls-plus,11/3/2020,Trump,Biden,"",Oklahoma,6,64.69243,34.25011,,.306533,Blend with regression,00:00:48  3 Nov 2020,40000
2020,President,polls-plus,11/3/2020,Trump,Biden,"",Oklahoma,5,60.95148,37.99105,,,Reallocated vote share,00:00:48  3 Nov 2020,40000
2020,President,polls-plus,11/3/2020,Trump,Biden,"",Oklahoma,4,1.768147,1.76815,,,Reallocate undecideds and third-party votes,00:00:48  3 Nov 2020,40000
2020,President,polls-plus,11/3/2020,Trump,Biden,"",Oklahoma,3,59.18334,36.2229,,,Adjusted polling average,00:00:48  3 Nov 2020,40000
2020,President,polls-plus,11/3/2020,Trump,Biden,"",Oklahoma,2,0,0,,,Adjust for bounces & recent events,00:00:48  3 Nov 2020,40000
2020,President,polls-plus,11/3/2020,Trump,Biden,"",Oklahoma,1,59.18334,36.2229,,,Polling average,00:00:48  3 Nov 2020,40000
2020,President,polls-plus,11/3/2020,Trump,Biden,"",Oklahoma,10,.994275,.005725,,,Chance of winning,00:00:48  3 Nov 2020,40000
2020,President,polls-plus,11/3/2020,Trump,Biden,"",Ohio,9,49.79581,49.20268,,,Projected vote share,00:00:48  3 Nov 2020,40000
2020,President,polls-plus,11/3/2020,Trump,Biden,"",Ohio,8,54.06005,44.93844,,0,Blend with economic fundamentals,00:00:48  3 Nov 2020,40000
2020,President,polls-plus,11/3/2020,Trump,Biden,"",Ohio,7,49.79581,49.20268,,,Snapshot,00:00:48  3 Nov 2020,40000
2020,President,polls-plus,11/3/2020,Trump,Biden,"",Ohio,6,48.64915,50.34934,,.0659807,Blend with regression,00:00:48  3 Nov 2020,40000
2020,President,polls-plus,11/3/2020,Trump,Biden,"",Ohio,5,49.87682,49.12168,,,Reallocated vote share,00:00:48  3 Nov 2020,40000
2020,President,polls-plus,11/3/2020,Trump,Biden,"",Ohio,4,2.35004,2.350044,,,Reallocate undecideds and third-party votes,00:00:48  3 Nov 2020,40000
2020,President,polls-plus,11/3/2020,Trump,Biden,"",Ohio,3,47.52678,46.77164,,,Adjusted polling average,00:00:48  3 Nov 2020,40000
2020,President,polls-plus,11/3/2020,Trump,Biden,"",Ohio,2,0,0,,,Adjust for bounces & recent events,00:00:48  3 Nov 2020,40000
2020,President,polls-plus,11/3/2020,Trump,Biden,"",Ohio,1,47.52678,46.77164,,,Polling average,00:00:48  3 Nov 2020,40000
2020,President,polls-plus,11/3/2020,Trump,Biden,"",Ohio,10,.546725,.453275,,,Chance of winning,00:00:48  3 Nov 2020,40000
2020,President,polls-plus,11/3/2020,Trump,Biden,"",North Dakota,9,59.67155,37.91569,,,Projected vote share,00:00:48  3 Nov 2020,40000
2020,President,polls-plus,11/3/2020,Trump,Biden,"",North Dakota,8,63.65038,33.93687,,0,Blend with economic fundamentals,00:00:48  3 Nov 2020,40000
2020,President,polls-plus,11/3/2020,Trump,Biden,"",North Dakota,7,59.67156,37.91569,,,Snapshot,00:00:48  3 Nov 2020,40000
2020,President,polls-plus,11/3/2020,Trump,Biden,"",North Dakota,6,62.95291,34.63433,,.4036286,Blend with regression,00:00:48  3 Nov 2020,40000
2020,President,polls-plus,11/3/2020,Trump,Biden,"",North Dakota,5,57.45071,40.13653,,,Reallocated vote share,00:00:48  3 Nov 2020,40000
2020,President,polls-plus,11/3/2020,Trump,Biden,"",North Dakota,4,1.414585,1.414589,,,Reallocate undecideds and third-party votes,00:00:48  3 Nov 2020,40000
2020,President,polls-plus,11/3/2020,Trump,Biden,"",North Dakota,3,56.03613,38.72194,,,Adjusted polling average,00:00:48  3 Nov 2020,40000
2020,President,polls-plus,11/3/2020,Trump,Biden,"",North Dakota,2,0,0,,,Adjust for bounces & recent events,00:00:48  3 Nov 2020,40000
2020,President,polls-plus,11/3/2020,Trump,Biden,"",North Dakota,1,56.03613,38.72194,,,Polling average,00:00:48  3 Nov 2020,40000
2020,President,polls-plus,11/3/2020,Trump,Biden,"",North Dakota,10,.975925,.024075,,,Chance of winning,00:00:48  3 Nov 2020,40000
2020,President,polls-plus,11/3/2020,Trump,Biden,"",North Carolina,9,48.76021,50.54115,,,Projected vote share,00:00:48  3 Nov 2020,40000
2020,President,polls-plus,11/3/2020,Trump,Biden,"",North Carolina,8,53.04348,46.25788,,0,Blend with economic fundamentals,00:00:48  3 Nov 2020,40000
2020,President,polls-plus,11/3/2020,Trump,Biden,"",North Carolina,7,48.76021,50.54115,,,Snapshot,00:00:48  3 Nov 2020,40000
2020,President,polls-plus,11/3/2020,Trump,Biden,"",North Carolina,6,48.76492,50.53644,,.0133373,Blend with regression,00:00:48  3 Nov 2020,40000
2020,President,polls-plus,11/3/2020,Trump,Biden,"",North Carolina,5,48.76015,50.54122,,,Reallocated vote share,00:00:48  3 Nov 2020,40000
2020,President,polls-plus,11/3/2020,Trump,Biden,"",North Carolina,4,1.63763,1.63763,,,Reallocate undecideds and third-party votes,00:00:48  3 Nov 2020,40000
2020,President,polls-plus,11/3/2020,Trump,Biden,"",North Carolina,3,47.12252,48.90359,,,Adjusted polling average,00:00:48  3 Nov 2020,40000
2020,President,polls-plus,11/3/2020,Trump,Biden,"",North Carolina,2,0,0,,,Adjust for bounces & recent events,00:00:48  3 Nov 2020,40000
2020,President,polls-plus,11/3/2020,Trump,Biden,"",North Carolina,1,47.12252,48.90359,,,Polling average,00:00:48  3 Nov 2020,40000
2020,President,polls-plus,11/3/2020,Trump,Biden,"",North Carolina,10,.360675,.639325,,,Chance of winning,00:00:48  3 Nov 2020,40000
2020,President,polls-plus,11/3/2020,Trump,Biden,"",New York,9,34.93815,64.0797,,,Projected vote share,00:00:48  3 Nov 2020,40000
2020,President,polls-plus,11/3/2020,Trump,Biden,"",New York,8,38.99364,60.02421,,0,Blend with economic fundamentals,00:00:48  3 Nov 2020,40000
2020,President,polls-plus,11/3/2020,Trump,Biden,"",New York,7,34.93815,64.0797,,,Snapshot,00:00:48  3 Nov 2020,40000
2020,President,polls-plus,11/3/2020,Trump,Biden,"",New York,6,35.04881,63.96903,,.3475935,Blend with regression,00:00:48  3 Nov 2020,40000
2020,President,polls-plus,11/3/2020,Trump,Biden,"",New York,5,34.87919,64.13866,,,Reallocated vote share,00:00:48  3 Nov 2020,40000
2020,President,polls-plus,11/3/2020,Trump,Biden,"",New York,4,1.918396,1.918396,,,Reallocate undecideds and third-party votes,00:00:48  3 Nov 2020,40000
2020,President,polls-plus,11/3/2020,Trump,Biden,"",New York,3,32.96079,62.22026,,,Adjusted polling average,00:00:48  3 Nov 2020,40000
2020,President,polls-plus,11/3/2020,Trump,Biden,"",New York,2,.0454102,-.1117134,,,Adjust for bounces & recent events,00:00:48  3 Nov 2020,40000
2020,President,polls-plus,11/3/2020,Trump,Biden,"",New York,1,32.91538,62.33197,,,Polling average,00:00:48  3 Nov 2020,40000
2020,President,polls-plus,11/3/2020,Trump,Biden,"",New York,10,.0001,.9999,,,Chance of winning,00:00:48  3 Nov 2020,40000
2020,President,polls-plus,11/3/2020,Trump,Biden,"",New Mexico,9,42.57757,55.61838,,,Projected vote share,00:00:48  3 Nov 2020,40000
2020,President,polls-plus,11/3/2020,Trump,Biden,"",New Mexico,8,46.78828,51.40767,,0,Blend with economic fundamentals,00:00:48  3 Nov 2020,40000
2020,President,polls-plus,11/3/2020,Trump,Biden,"",New Mexico,7,42.57757,55.61838,,,Snapshot,00:00:48  3 Nov 2020,40000
2020,President,polls-plus,11/3/2020,Trump,Biden,"",New Mexico,6,41.10017,57.09578,,.2952142,Blend with regression,00:00:48  3 Nov 2020,40000
2020,President,polls-plus,11/3/2020,Trump,Biden,"",New Mexico,5,43.19641,54.99953,,,Reallocated vote share,00:00:48  3 Nov 2020,40000
2020,President,polls-plus,11/3/2020,Trump,Biden,"",New Mexico,4,1.121635,1.121628,,,Reallocate undecideds and third-party votes,00:00:48  3 Nov 2020,40000
2020,President,polls-plus,11/3/2020,Trump,Biden,"",New Mexico,3,42.07478,53.87791,,,Adjusted polling average,00:00:48  3 Nov 2020,40000
2020,President,polls-plus,11/3/2020,Trump,Biden,"",New Mexico,2,-.0486641,.020813,,,Adjust for bounces & recent events,00:00:48  3 Nov 2020,40000
2020,President,polls-plus,11/3/2020,Trump,Biden,"",New Mexico,1,42.12344,53.85709,,,Polling average,00:00:48  3 Nov 2020,40000
2020,President,polls-plus,11/3/2020,Trump,Biden,"",New Mexico,10,.02245,.97755,,,Chance of winning,00:00:48  3 Nov 2020,40000
2020,President,polls-plus,11/3/2020,Trump,Biden,"",New Jersey,9,39.40856,59.77009,,,Projected vote share,00:00:48  3 Nov 2020,40000
2020,President,polls-plus,11/3/2020,Trump,Biden,"",New Jersey,8,43.59882,55.57983,,0,Blend with economic fundamentals,00:00:48  3 Nov 2020,40000
2020,President,polls-plus,11/3/2020,Trump,Biden,"",New Jersey,7,39.40856,59.77009,,,Snapshot,00:00:48  3 Nov 2020,40000
2020,President,polls-plus,11/3/2020,Trump,Biden,"",New Jersey,6,39.49738,59.68127,,.2780107,Blend with regression,00:00:48  3 Nov 2020,40000
2020,President,polls-plus,11/3/2020,Trump,Biden,"",New Jersey,5,39.37436,59.80429,,,Reallocated vote share,00:00:48  3 Nov 2020,40000
2020,President,polls-plus,11/3/2020,Trump,Biden,"",New Jersey,4,1.443604,1.443604,,,Reallocate undecideds and third-party votes,00:00:48  3 Nov 2020,40000
2020,President,polls-plus,11/3/2020,Trump,Biden,"",New Jersey,3,37.93076,58.36068,,,Adjusted polling average,00:00:48  3 Nov 2020,40000
2020,President,polls-plus,11/3/2020,Trump,Biden,"",New Jersey,2,0,0,,,Adjust for bounces & recent events,00:00:48  3 Nov 2020,40000
2020,President,polls-plus,11/3/2020,Trump,Biden,"",New Jersey,1,37.93076,58.36068,,,Polling average,00:00:48  3 Nov 2020,40000
2020,President,polls-plus,11/3/2020,Trump,Biden,"",New Jersey,10,.007975,.992025,,,Chance of winning,00:00:48  3 Nov 2020,40000
2020,President,polls-plus,11/3/2020,Trump,Biden,"",New Hampshire,9,44.19425,54.8499,,,Projected vote share,00:00:48  3 Nov 2020,40000
2020,President,polls-plus,11/3/2020,Trump,Biden,"",New Hampshire,8,48.45452,50.58963,,0,Blend with economic fundamentals,00:00:48  3 Nov 2020,40000
2020,President,polls-plus,11/3/2020,Trump,Biden,"",New Hampshire,7,44.19425,54.8499,,,Snapshot,00:00:48  3 Nov 2020,40000
2020,President,polls-plus,11/3/2020,Trump,Biden,"",New Hampshire,6,44.90271,54.14144,,.2338874,Blend with regression,00:00:48  3 Nov 2020,40000
2020,President,polls-plus,11/3/2020,Trump,Biden,"",New Hampshire,5,43.97796,55.06618,,,Reallocated vote share,00:00:48  3 Nov 2020,40000
2020,President,polls-plus,11/3/2020,Trump,Biden,"",New Hampshire,4,1.148579,1.148579,,,Reallocate undecideds and third-party votes,00:00:48  3 Nov 2020,40000
2020,President,polls-plus,11/3/2020,Trump,Biden,"",New Hampshire,3,42.82938,53.91761,,,Adjusted polling average,00:00:48  3 Nov 2020,40000
2020,President,polls-plus,11/3/2020,Trump,Biden,"",New Hampshire,2,0,0,,,Adjust for bounces & recent events,00:00:48  3 Nov 2020,40000
2020,President,polls-plus,11/3/2020,Trump,Biden,"",New Hampshire,1,42.82938,53.91761,,,Polling average,00:00:48  3 Nov 2020,40000
2020,President,polls-plus,11/3/2020,Trump,Biden,"",New Hampshire,10,.10915,.89085,,,Chance of winning,00:00:48  3 Nov 2020,40000
2020,President,polls-plus,11/3/2020,Trump,Biden,"",Nevada,9,46.2132,52.34177,,,Projected vote share,00:00:48  3 Nov 2020,40000
2020,President,polls-plus,11/3/2020,Trump,Biden,"",Nevada,8,50.46518,48.08979,,0,Blend with economic fundamentals,00:00:48  3 Nov 2020,40000
2020,President,polls-plus,11/3/2020,Trump,Biden,"",Nevada,7,46.2132,52.34177,,,Snapshot,00:00:48  3 Nov 2020,40000
2020,President,polls-plus,11/3/2020,Trump,Biden,"",Nevada,6,43.94511,54.60986,,.155138,Blend with regression,00:00:48  3 Nov 2020,40000
2020,President,polls-plus,11/3/2020,Trump,Biden,"",Nevada,5,46.62968,51.92529,,,Reallocated vote share,00:00:48  3 Nov 2020,40000
2020,President,polls-plus,11/3/2020,Trump,Biden,"",Nevada,4,2.268734,2.268726,,,Reallocate undecideds and third-party votes,00:00:48  3 Nov 2020,40000
2020,President,polls-plus,11/3/2020,Trump,Biden,"",Nevada,3,44.36094,49.65657,,,Adjusted polling average,00:00:48  3 Nov 2020,40000
2020,President,polls-plus,11/3/2020,Trump,Biden,"",Nevada,2,0,0,,,Adjust for bounces & recent events,00:00:48  3 Nov 2020,40000
2020,President,polls-plus,11/3/2020,Trump,Biden,"",Nevada,1,44.36094,49.65657,,,Polling average,00:00:48  3 Nov 2020,40000
2020,President,polls-plus,11/3/2020,Trump,Biden,"",Nevada,10,.1219,.8781,,,Chance of winning,00:00:48  3 Nov 2020,40000
2020,President,polls-plus,11/3/2020,Trump,Biden,"",Nebraska,9,58.22343,40.15037,,,Projected vote share,00:00:48  3 Nov 2020,40000
2020,President,polls-plus,11/3/2020,Trump,Biden,"",Nebraska,8,62.29833,36.07548,,0,Blend with economic fundamentals,00:00:48  3 Nov 2020,40000
2020,President,polls-plus,11/3/2020,Trump,Biden,"",Nebraska,7,58.21988,40.14793,,,Snapshot,00:00:48  3 Nov 2020,40000
2020,President,polls-plus,11/3/2020,Trump,Biden,"",Nebraska,6,58.8926,39.47521,,.5990373,Blend with regression,00:00:48  3 Nov 2020,40000
2020,President,polls-plus,11/3/2020,Trump,Biden,"",Nebraska,5,54.01331,44.3545,,,Reallocated vote share,00:00:48  3 Nov 2020,40000
2020,President,polls-plus,11/3/2020,Trump,Biden,"",Nebraska,4,1.86409,1.864086,,,Reallocate undecideds and third-party votes,00:00:48  3 Nov 2020,40000
2020,President,polls-plus,11/3/2020,Trump,Biden,"",Nebraska,3,52.14922,42.49041,,,Adjusted polling average,00:00:48  3 Nov 2020,40000
2020,President,polls-plus,11/3/2020,Trump,Biden,"",Nebraska,2,0,0,,,Adjust for bounces & recent events,00:00:48  3 Nov 2020,40000
2020,President,polls-plus,11/3/2020,Trump,Biden,"",Nebraska,1,52.14922,42.49041,,,Polling average,00:00:48  3 Nov 2020,40000
2020,President,polls-plus,11/3/2020,Trump,Biden,"",Nebraska,10,.994375,.005625,,,Chance of winning,00:00:48  3 Nov 2020,40000
2020,President,polls-plus,11/3/2020,Trump,Biden,"",NE-3,9,72.52721,25.3898,,,Projected vote share,00:00:48  3 Nov 2020,40000
2020,President,polls-plus,11/3/2020,Trump,Biden,"",NE-3,8,75.83632,22.08068,,0,Blend with economic fundamentals,00:00:48  3 Nov 2020,40000
2020,President,polls-plus,11/3/2020,Trump,Biden,"",NE-3,7,72.52721,25.3898,,,Snapshot,00:00:48  3 Nov 2020,40000
2020,President,polls-plus,11/3/2020,Trump,Biden,"",NE-3,6,72.52721,25.3898,,1,Blend with regression,00:00:48  3 Nov 2020,40000
2020,President,polls-plus,11/3/2020,Trump,Biden,"",NE-3,5,,,,,Reallocated vote share,00:00:48  3 Nov 2020,40000
2020,President,polls-plus,11/3/2020,Trump,Biden,"",NE-3,4,,,,,Reallocate undecideds and third-party votes,00:00:48  3 Nov 2020,40000
2020,President,polls-plus,11/3/2020,Trump,Biden,"",NE-3,3,,,,,Adjusted polling average,00:00:48  3 Nov 2020,40000
2020,President,polls-plus,11/3/2020,Trump,Biden,"",NE-3,2,,,,,Adjust for bounces & recent events,00:00:48  3 Nov 2020,40000
2020,President,polls-plus,11/3/2020,Trump,Biden,"",NE-3,1,,,,,Polling average,00:00:48  3 Nov 2020,40000
2020,President,polls-plus,11/3/2020,Trump,Biden,"",NE-3,10,.99975,.00025,,,Chance of winning,00:00:48  3 Nov 2020,40000
2020,President,polls-plus,11/3/2020,Trump,Biden,"",NE-2,9,47.76698,51.00684,,,Projected vote share,00:00:48  3 Nov 2020,40000
2020,President,polls-plus,11/3/2020,Trump,Biden,"",NE-2,8,52.02925,46.74456,,0,Blend with economic fundamentals,00:00:48  3 Nov 2020,40000
2020,President,polls-plus,11/3/2020,Trump,Biden,"",NE-2,7,47.76698,51.00684,,,Snapshot,00:00:48  3 Nov 2020,40000
2020,President,polls-plus,11/3/2020,Trump,Biden,"",NE-2,6,48.4362,50.33762,,.3012495,Blend with regression,00:00:48  3 Nov 2020,40000
2020,President,polls-plus,11/3/2020,Trump,Biden,"",NE-2,5,47.47845,51.29537,,,Reallocated vote share,00:00:48  3 Nov 2020,40000
2020,President,polls-plus,11/3/2020,Trump,Biden,"",NE-2,4,1.267826,1.267826,,,Reallocate undecideds and third-party votes,00:00:48  3 Nov 2020,40000
2020,President,polls-plus,11/3/2020,Trump,Biden,"",NE-2,3,46.21062,50.02754,,,Adjusted polling average,00:00:48  3 Nov 2020,40000
2020,President,polls-plus,11/3/2020,Trump,Biden,"",NE-2,2,0,0,,,Adjust for bounces & recent events,00:00:48  3 Nov 2020,40000
2020,President,polls-plus,11/3/2020,Trump,Biden,"",NE-2,1,46.21062,50.02754,,,Polling average,00:00:48  3 Nov 2020,40000
2020,President,polls-plus,11/3/2020,Trump,Biden,"",NE-2,10,.283125,.716875,,,Chance of winning,00:00:48  3 Nov 2020,40000
2020,President,polls-plus,11/3/2020,Trump,Biden,"",NE-1,9,55.29202,43.10667,,,Projected vote share,00:00:48  3 Nov 2020,40000
2020,President,polls-plus,11/3/2020,Trump,Biden,"",NE-1,8,59.446,38.9527,,0,Blend with economic fundamentals,00:00:48  3 Nov 2020,40000
2020,President,polls-plus,11/3/2020,Trump,Biden,"",NE-1,7,55.29202,43.10667,,,Snapshot,00:00:48  3 Nov 2020,40000
2020,President,polls-plus,11/3/2020,Trump,Biden,"",NE-1,6,56.72181,41.67688,,.7278288,Blend with regression,00:00:48  3 Nov 2020,40000
2020,President,polls-plus,11/3/2020,Trump,Biden,"",NE-1,5,51.46853,46.93017,,,Reallocated vote share,00:00:48  3 Nov 2020,40000
2020,President,polls-plus,11/3/2020,Trump,Biden,"",NE-1,4,1.042328,1.042324,,,Reallocate undecideds and third-party votes,00:00:48  3 Nov 2020,40000
2020,President,polls-plus,11/3/2020,Trump,Biden,"",NE-1,3,50.4262,45.88784,,,Adjusted polling average,00:00:48  3 Nov 2020,40000
2020,President,polls-plus,11/3/2020,Trump,Biden,"",NE-1,2,-.3242226,.1363831,,,Adjust for bounces & recent events,00:00:48  3 Nov 2020,40000
2020,President,polls-plus,11/3/2020,Trump,Biden,"",NE-1,1,50.75042,45.75146,,,Polling average,00:00:48  3 Nov 2020,40000
2020,President,polls-plus,11/3/2020,Trump,Biden,"",NE-1,10,.96075,.03925,,,Chance of winning,00:00:48  3 Nov 2020,40000
2020,President,polls-plus,11/3/2020,Trump,Biden,"",Montana,9,52.23005,45.86289,,,Projected vote share,00:00:48  3 Nov 2020,40000
2020,President,polls-plus,11/3/2020,Trump,Biden,"",Montana,8,56.42463,41.66831,,0,Blend with economic fundamentals,00:00:48  3 Nov 2020,40000
2020,President,polls-plus,11/3/2020,Trump,Biden,"",Montana,7,52.23005,45.86289,,,Snapshot,00:00:48  3 Nov 2020,40000
2020,President,polls-plus,11/3/2020,Trump,Biden,"",Montana,6,55.7333,42.35964,,.2297817,Blend with regression,00:00:48  3 Nov 2020,40000
2020,President,polls-plus,11/3/2020,Trump,Biden,"",Montana,5,51.18491,46.90803,,,Reallocated vote share,00:00:48  3 Nov 2020,40000
2020,President,polls-plus,11/3/2020,Trump,Biden,"",Montana,4,1.498829,1.498833,,,Reallocate undecideds and third-party votes,00:00:48  3 Nov 2020,40000
2020,President,polls-plus,11/3/2020,Trump,Biden,"",Montana,3,49.68608,45.40919,,,Adjusted polling average,00:00:48  3 Nov 2020,40000
2020,President,polls-plus,11/3/2020,Trump,Biden,"",Montana,2,-.1005287,.042244,,,Adjust for bounces & recent events,00:00:48  3 Nov 2020,40000
2020,President,polls-plus,11/3/2020,Trump,Biden,"",Montana,1,49.78661,45.36695,,,Polling average,00:00:48  3 Nov 2020,40000
2020,President,polls-plus,11/3/2020,Trump,Biden,"",Montana,10,.8197,.1803,,,Chance of winning,00:00:48  3 Nov 2020,40000
2020,President,polls-plus,11/3/2020,Trump,Biden,"",Missouri,9,54.06229,44.64205,,,Projected vote share,00:00:48  3 Nov 2020,40000
2020,President,polls-plus,11/3/2020,Trump,Biden,"",Missouri,8,58.25798,40.44635,,0,Blend with economic fundamentals,00:00:48  3 Nov 2020,40000
2020,President,polls-plus,11/3/2020,Trump,Biden,"",Missouri,7,54.06229,44.64205,,,Snapshot,00:00:48  3 Nov 2020,40000
2020,President,polls-plus,11/3/2020,Trump,Biden,"",Missouri,6,55.72168,42.98266,,.3025274,Blend with regression,00:00:48  3 Nov 2020,40000
2020,President,polls-plus,11/3/2020,Trump,Biden,"",Missouri,5,53.34254,45.3618,,,Reallocated vote share,00:00:48  3 Nov 2020,40000
2020,President,polls-plus,11/3/2020,Trump,Biden,"",Missouri,4,1.76852,1.76852,,,Reallocate undecideds and third-party votes,00:00:48  3 Nov 2020,40000
2020,President,polls-plus,11/3/2020,Trump,Biden,"",Missouri,3,51.57402,43.59328,,,Adjusted polling average,00:00:48  3 Nov 2020,40000
2020,President,polls-plus,11/3/2020,Trump,Biden,"",Missouri,2,-.0390854,-.0140343,,,Adjust for bounces & recent events,00:00:48  3 Nov 2020,40000
2020,President,polls-plus,11/3/2020,Trump,Biden,"",Missouri,1,51.6131,43.60732,,,Polling average,00:00:48  3 Nov 2020,40000
2020,President,polls-plus,11/3/2020,Trump,Biden,"",Missouri,10,.93635,.06365,,,Chance of winning,00:00:48  3 Nov 2020,40000
2020,President,polls-plus,11/3/2020,Trump,Biden,"",Mississippi,9,56.80454,42.46224,,,Projected vote share,00:00:48  3 Nov 2020,40000
2020,President,polls-plus,11/3/2020,Trump,Biden,"",Mississippi,8,60.97072,38.29606,,0,Blend with economic fundamentals,00:00:48  3 Nov 2020,40000
2020,President,polls-plus,11/3/2020,Trump,Biden,"",Mississippi,7,56.80454,42.46224,,,Snapshot,00:00:48  3 Nov 2020,40000
2020,President,polls-plus,11/3/2020,Trump,Biden,"",Mississippi,6,55.21534,44.05145,,.3285713,Blend with regression,00:00:48  3 Nov 2020,40000
2020,President,polls-plus,11/3/2020,Trump,Biden,"",Mississippi,5,57.58223,41.68455,,,Reallocated vote share,00:00:48  3 Nov 2020,40000
2020,President,polls-plus,11/3/2020,Trump,Biden,"",Mississippi,4,2.075886,2.075886,,,Reallocate undecideds and third-party votes,00:00:48  3 Nov 2020,40000
2020,President,polls-plus,11/3/2020,Trump,Biden,"",Mississippi,3,55.50634,39.60867,,,Adjusted polling average,00:00:48  3 Nov 2020,40000
2020,President,polls-plus,11/3/2020,Trump,Biden,"",Mississippi,2,-.0427437,-.0115013,,,Adjust for bounces & recent events,00:00:48  3 Nov 2020,40000
2020,President,polls-plus,11/3/2020,Trump,Biden,"",Mississippi,1,55.54909,39.62017,,,Polling average,00:00:48  3 Nov 2020,40000
2020,President,polls-plus,11/3/2020,Trump,Biden,"",Mississippi,10,.91515,.08485,,,Chance of winning,00:00:48  3 Nov 2020,40000
2020,President,polls-plus,11/3/2020,Trump,Biden,"",Minnesota,9,44.6234,53.72659,,,Projected vote share,00:00:48  3 Nov 2020,40000
2020,President,polls-plus,11/3/2020,Trump,Biden,"",Minnesota,8,48.85957,49.49043,,0,Blend with economic fundamentals,00:00:48  3 Nov 2020,40000
2020,President,polls-plus,11/3/2020,Trump,Biden,"",Minnesota,7,44.6234,53.72659,,,Snapshot,00:00:48  3 Nov 2020,40000
2020,President,polls-plus,11/3/2020,Trump,Biden,"",Minnesota,6,44.91339,53.4366,,.1127833,Blend with regression,00:00:48  3 Nov 2020,40000
2020,President,polls-plus,11/3/2020,Trump,Biden,"",Minnesota,5,44.58654,53.76345,,,Reallocated vote share,00:00:48  3 Nov 2020,40000
2020,President,polls-plus,11/3/2020,Trump,Biden,"",Minnesota,4,1.918282,1.918285,,,Reallocate undecideds and third-party votes,00:00:48  3 Nov 2020,40000
2020,President,polls-plus,11/3/2020,Trump,Biden,"",Minnesota,3,42.66826,51.84517,,,Adjusted polling average,00:00:48  3 Nov 2020,40000
2020,President,polls-plus,11/3/2020,Trump,Biden,"",Minnesota,2,0,0,,,Adjust for bounces & recent events,00:00:48  3 Nov 2020,40000
2020,President,polls-plus,11/3/2020,Trump,Biden,"",Minnesota,1,42.66826,51.84517,,,Polling average,00:00:48  3 Nov 2020,40000
2020,President,polls-plus,11/3/2020,Trump,Biden,"",Minnesota,10,.0419,.9581,,,Chance of winning,00:00:48  3 Nov 2020,40000
2020,President,polls-plus,11/3/2020,Trump,Biden,"",Michigan,9,45.50925,53.51556,,,Projected vote share,00:00:48  3 Nov 2020,40000
2020,President,polls-plus,11/3/2020,Trump,Biden,"",Michigan,8,49.77793,49.24688,,0,Blend with economic fundamentals,00:00:48  3 Nov 2020,40000
2020,President,polls-plus,11/3/2020,Trump,Biden,"",Michigan,7,45.50925,53.51556,,,Snapshot,00:00:48  3 Nov 2020,40000
2020,President,polls-plus,11/3/2020,Trump,Biden,"",Michigan,6,43.44537,55.57943,,.0201164,Blend with regression,00:00:48  3 Nov 2020,40000
2020,President,polls-plus,11/3/2020,Trump,Biden,"",Michigan,5,45.55162,53.47318,,,Reallocated vote share,00:00:48  3 Nov 2020,40000
2020,President,polls-plus,11/3/2020,Trump,Biden,"",Michigan,4,2.318363,2.318363,,,Reallocate undecideds and third-party votes,00:00:48  3 Nov 2020,40000
2020,President,polls-plus,11/3/2020,Trump,Biden,"",Michigan,3,43.23326,51.15482,,,Adjusted polling average,00:00:48  3 Nov 2020,40000
2020,President,polls-plus,11/3/2020,Trump,Biden,"",Michigan,2,0,0,,,Adjust for bounces & recent events,00:00:48  3 Nov 2020,40000
2020,President,polls-plus,11/3/2020,Trump,Biden,"",Michigan,1,43.23326,51.15482,,,Polling average,00:00:48  3 Nov 2020,40000
2020,President,polls-plus,11/3/2020,Trump,Biden,"",Michigan,10,.053175,.946825,,,Chance of winning,00:00:48  3 Nov 2020,40000
2020,President,polls-plus,11/3/2020,Trump,Biden,"",Massachusetts,9,31.77782,66.7234,,,Projected vote share,00:00:48  3 Nov 2020,40000
2020,President,polls-plus,11/3/2020,Trump,Biden,"",Massachusetts,8,35.69225,62.80898,,0,Blend with economic fundamentals,00:00:48  3 Nov 2020,40000
2020,President,polls-plus,11/3/2020,Trump,Biden,"",Massachusetts,7,31.77782,66.7234,,,Snapshot,00:00:48  3 Nov 2020,40000
2020,President,polls-plus,11/3/2020,Trump,Biden,"",Massachusetts,6,32.75225,65.74897,,.2686728,Blend with regression,00:00:48  3 Nov 2020,40000
2020,President,polls-plus,11/3/2020,Trump,Biden,"",Massachusetts,5,31.41983,67.08139,,,Reallocated vote share,00:00:48  3 Nov 2020,40000
2020,President,polls-plus,11/3/2020,Trump,Biden,"",Massachusetts,4,2.528547,2.528542,,,Reallocate undecideds and third-party votes,00:00:48  3 Nov 2020,40000
2020,President,polls-plus,11/3/2020,Trump,Biden,"",Massachusetts,3,28.89128,64.55285,,,Adjusted polling average,00:00:48  3 Nov 2020,40000
2020,President,polls-plus,11/3/2020,Trump,Biden,"",Massachusetts,2,.028532,-.0722046,,,Adjust for bounces & recent events,00:00:48  3 Nov 2020,40000
2020,President,polls-plus,11/3/2020,Trump,Biden,"",Massachusetts,1,28.86275,64.62505,,,Polling average,00:00:48  3 Nov 2020,40000
2020,President,polls-plus,11/3/2020,Trump,Biden,"",Massachusetts,10,.000525,.999475,,,Chance of winning,00:00:48  3 Nov 2020,40000
2020,President,polls-plus,11/3/2020,Trump,Biden,"",Maryland,9,33.63204,64.99316,,,Projected vote share,00:00:48  3 Nov 2020,40000
2020,President,polls-plus,11/3/2020,Trump,Biden,"",Maryland,8,37.62774,60.99746,,0,Blend with economic fundamentals,00:00:48  3 Nov 2020,40000
2020,President,polls-plus,11/3/2020,Trump,Biden,"",Maryland,7,33.63204,64.99316,,,Snapshot,00:00:48  3 Nov 2020,40000
2020,President,polls-plus,11/3/2020,Trump,Biden,"",Maryland,6,33.70093,64.92426,,.3318025,Blend with regression,00:00:48  3 Nov 2020,40000
2020,President,polls-plus,11/3/2020,Trump,Biden,"",Maryland,5,33.59783,65.02736,,,Reallocated vote share,00:00:48  3 Nov 2020,40000
2020,President,polls-plus,11/3/2020,Trump,Biden,"",Maryland,4,1.966108,1.966106,,,Reallocate undecideds and third-party votes,00:00:48  3 Nov 2020,40000
2020,President,polls-plus,11/3/2020,Trump,Biden,"",Maryland,3,31.63172,63.06125,,,Adjusted polling average,00:00:48  3 Nov 2020,40000
2020,President,polls-plus,11/3/2020,Trump,Biden,"",Maryland,2,0,0,,,Adjust for bounces & recent events,00:00:48  3 Nov 2020,40000
2020,President,polls-plus,11/3/2020,Trump,Biden,"",Maryland,1,31.63172,63.06125,,,Polling average,00:00:48  3 Nov 2020,40000
2020,President,polls-plus,11/3/2020,Trump,Biden,"",Maryland,10,.00045,.99955,,,Chance of winning,00:00:48  3 Nov 2020,40000
2020,President,polls-plus,11/3/2020,Trump,Biden,"",Maine,9,43.33385,55.20783,,,Projected vote share,00:00:48  3 Nov 2020,40000
2020,President,polls-plus,11/3/2020,Trump,Biden,"",Maine,8,47.56633,50.97535,,0,Blend with economic fundamentals,00:00:48  3 Nov 2020,40000
2020,President,polls-plus,11/3/2020,Trump,Biden,"",Maine,7,43.36457,55.24696,,,Snapshot,00:00:48  3 Nov 2020,40000
2020,President,polls-plus,11/3/2020,Trump,Biden,"",Maine,6,44.17845,54.43308,,.2215761,Blend with regression,00:00:48  3 Nov 2020,40000
2020,President,polls-plus,11/3/2020,Trump,Biden,"",Maine,5,42.80318,55.80836,,,Reallocated vote share,00:00:48  3 Nov 2020,40000
2020,President,polls-plus,11/3/2020,Trump,Biden,"",Maine,4,2.487301,2.487297,,,Reallocate undecideds and third-party votes,00:00:48  3 Nov 2020,40000
2020,President,polls-plus,11/3/2020,Trump,Biden,"",Maine,3,40.31588,53.32106,,,Adjusted polling average,00:00:48  3 Nov 2020,40000
2020,President,polls-plus,11/3/2020,Trump,Biden,"",Maine,2,0,0,,,Adjust for bounces & recent events,00:00:48  3 Nov 2020,40000
2020,President,polls-plus,11/3/2020,Trump,Biden,"",Maine,1,40.31588,53.32106,,,Polling average,00:00:48  3 Nov 2020,40000
2020,President,polls-plus,11/3/2020,Trump,Biden,"",Maine,10,.098825,.901175,,,Chance of winning,00:00:48  3 Nov 2020,40000
2020,President,polls-plus,11/3/2020,Trump,Biden,"",ME-2,9,48.40312,50.03989,,,Projected vote share,00:00:48  3 Nov 2020,40000
2020,President,polls-plus,11/3/2020,Trump,Biden,"",ME-2,8,52.64914,45.79388,,0,Blend with economic fundamentals,00:00:48  3 Nov 2020,40000
2020,President,polls-plus,11/3/2020,Trump,Biden,"",ME-2,7,48.40312,50.03989,,,Snapshot,00:00:48  3 Nov 2020,40000
2020,President,polls-plus,11/3/2020,Trump,Biden,"",ME-2,6,50.32663,48.11637,,.3005629,Blend with regression,00:00:48  3 Nov 2020,40000
2020,President,polls-plus,11/3/2020,Trump,Biden,"",ME-2,5,47.83092,50.61209,,,Reallocated vote share,00:00:48  3 Nov 2020,40000
2020,President,polls-plus,11/3/2020,Trump,Biden,"",ME-2,4,1.550282,1.551701,,,Reallocate undecideds and third-party votes,00:00:48  3 Nov 2020,40000
2020,President,polls-plus,11/3/2020,Trump,Biden,"",ME-2,3,46.28064,49.06039,,,Adjusted polling average,00:00:48  3 Nov 2020,40000
2020,President,polls-plus,11/3/2020,Trump,Biden,"",ME-2,2,0,0,,,Adjust for bounces & recent events,00:00:48  3 Nov 2020,40000
2020,President,polls-plus,11/3/2020,Trump,Biden,"",ME-2,1,46.28064,49.06039,,,Polling average,00:00:48  3 Nov 2020,40000
2020,President,polls-plus,11/3/2020,Trump,Biden,"",ME-2,10,.42745,.57255,,,Chance of winning,00:00:48  3 Nov 2020,40000
2020,President,polls-plus,11/3/2020,Trump,Biden,"",ME-1,9,38.76026,59.87044,,,Projected vote share,00:00:48  3 Nov 2020,40000
2020,President,polls-plus,11/3/2020,Trump,Biden,"",ME-1,8,42.91738,55.71332,,0,Blend with economic fundamentals,00:00:48  3 Nov 2020,40000
2020,President,polls-plus,11/3/2020,Trump,Biden,"",ME-1,7,38.76026,59.87044,,,Snapshot,00:00:48  3 Nov 2020,40000
2020,President,polls-plus,11/3/2020,Trump,Biden,"",ME-1,6,38.65806,59.97264,,.2991481,Blend with regression,00:00:48  3 Nov 2020,40000
2020,President,polls-plus,11/3/2020,Trump,Biden,"",ME-1,5,39.04922,59.58148,,,Reallocated vote share,00:00:48  3 Nov 2020,40000
2020,President,polls-plus,11/3/2020,Trump,Biden,"",ME-1,4,1.925549,1.934933,,,Reallocate undecideds and third-party votes,00:00:48  3 Nov 2020,40000
2020,President,polls-plus,11/3/2020,Trump,Biden,"",ME-1,3,37.12367,57.64655,,,Adjusted polling average,00:00:48  3 Nov 2020,40000
2020,President,polls-plus,11/3/2020,Trump,Biden,"",ME-1,2,0,0,,,Adjust for bounces & recent events,00:00:48  3 Nov 2020,40000
2020,President,polls-plus,11/3/2020,Trump,Biden,"",ME-1,1,37.12367,57.64655,,,Polling average,00:00:48  3 Nov 2020,40000
2020,President,polls-plus,11/3/2020,Trump,Biden,"",ME-1,10,.027225,.972775,,,Chance of winning,00:00:48  3 Nov 2020,40000
2020,President,polls-plus,11/3/2020,Trump,Biden,"",Louisiana,9,58.79131,40.20413,,,Projected vote share,00:00:48  3 Nov 2020,40000
2020,President,polls-plus,11/3/2020,Trump,Biden,"",Louisiana,8,62.8858,36.10964,,0,Blend with economic fundamentals,00:00:48  3 Nov 2020,40000
2020,President,polls-plus,11/3/2020,Trump,Biden,"",Louisiana,7,58.79131,40.20412,,,Snapshot,00:00:48  3 Nov 2020,40000
2020,President,polls-plus,11/3/2020,Trump,Biden,"",Louisiana,6,57.15351,41.84193,,.3627745,Blend with regression,00:00:48  3 Nov 2020,40000
2020,President,polls-plus,11/3/2020,Trump,Biden,"",Louisiana,5,59.72372,39.27172,,,Reallocated vote share,00:00:48  3 Nov 2020,40000
2020,President,polls-plus,11/3/2020,Trump,Biden,"",Louisiana,4,2.163422,2.163422,,,Reallocate undecideds and third-party votes,00:00:48  3 Nov 2020,40000
2020,President,polls-plus,11/3/2020,Trump,Biden,"",Louisiana,3,57.5603,37.1083,,,Adjusted polling average,00:00:48  3 Nov 2020,40000
2020,President,polls-plus,11/3/2020,Trump,Biden,"",Louisiana,2,-.0772095,.0316925,,,Adjust for bounces & recent events,00:00:48  3 Nov 2020,40000
2020,President,polls-plus,11/3/2020,Trump,Biden,"",Louisiana,1,57.63751,37.07661,,,Polling average,00:00:48  3 Nov 2020,40000
2020,President,polls-plus,11/3/2020,Trump,Biden,"",Louisiana,10,.97115,.02885,,,Chance of winning,00:00:48  3 Nov 2020,40000
2020,President,polls-plus,11/3/2020,Trump,Biden,"",Kentucky,9,58.42413,40.37783,,,Projected vote share,00:00:48  3 Nov 2020,40000
2020,President,polls-plus,11/3/2020,Trump,Biden,"",Kentucky,8,62.51837,36.28359,,0,Blend with economic fundamentals,00:00:48  3 Nov 2020,40000
2020,President,polls-plus,11/3/2020,Trump,Biden,"",Kentucky,7,58.42413,40.37783,,,Snapshot,00:00:48  3 Nov 2020,40000
2020,President,polls-plus,11/3/2020,Trump,Biden,"",Kentucky,6,60.52169,38.28027,,.355524,Blend with regression,00:00:48  3 Nov 2020,40000
2020,President,polls-plus,11/3/2020,Trump,Biden,"",Kentucky,5,57.26701,41.53495,,,Reallocated vote share,00:00:48  3 Nov 2020,40000
2020,President,polls-plus,11/3/2020,Trump,Biden,"",Kentucky,4,1.67186,1.671856,,,Reallocate undecideds and third-party votes,00:00:48  3 Nov 2020,40000
2020,President,polls-plus,11/3/2020,Trump,Biden,"",Kentucky,3,55.59515,39.86309,,,Adjusted polling average,00:00:48  3 Nov 2020,40000
2020,President,polls-plus,11/3/2020,Trump,Biden,"",Kentucky,2,0,0,,,Adjust for bounces & recent events,00:00:48  3 Nov 2020,40000
2020,President,polls-plus,11/3/2020,Trump,Biden,"",Kentucky,1,55.59515,39.86309,,,Polling average,00:00:48  3 Nov 2020,40000
2020,President,polls-plus,11/3/2020,Trump,Biden,"",Kentucky,10,.9858,.0142,,,Chance of winning,00:00:48  3 Nov 2020,40000
2020,President,polls-plus,11/3/2020,Trump,Biden,"",Kansas,9,55.73188,42.49838,,,Projected vote share,00:00:48  3 Nov 2020,40000
2020,President,polls-plus,11/3/2020,Trump,Biden,"",Kansas,8,59.86634,38.36391,,0,Blend with economic fundamentals,00:00:48  3 Nov 2020,40000
2020,President,polls-plus,11/3/2020,Trump,Biden,"",Kansas,7,55.73187,42.49839,,,Snapshot,00:00:48  3 Nov 2020,40000
2020,President,polls-plus,11/3/2020,Trump,Biden,"",Kansas,6,56.1527,42.07756,,.2777125,Blend with regression,00:00:48  3 Nov 2020,40000
2020,President,polls-plus,11/3/2020,Trump,Biden,"",Kansas,5,55.57007,42.66019,,,Reallocated vote share,00:00:48  3 Nov 2020,40000
2020,President,polls-plus,11/3/2020,Trump,Biden,"",Kansas,4,1.706802,1.706806,,,Reallocate undecideds and third-party votes,00:00:48  3 Nov 2020,40000
2020,President,polls-plus,11/3/2020,Trump,Biden,"",Kansas,3,53.86327,40.95338,,,Adjusted polling average,00:00:48  3 Nov 2020,40000
2020,President,polls-plus,11/3/2020,Trump,Biden,"",Kansas,2,0,0,,,Adjust for bounces & recent events,00:00:48  3 Nov 2020,40000
2020,President,polls-plus,11/3/2020,Trump,Biden,"",Kansas,1,53.86327,40.95338,,,Polling average,00:00:48  3 Nov 2020,40000
2020,President,polls-plus,11/3/2020,Trump,Biden,"",Kansas,10,.985525,.014475,,,Chance of winning,00:00:48  3 Nov 2020,40000
2020,President,polls-plus,11/3/2020,Trump,Biden,"",Iowa,9,49.9548,48.51071,,,Projected vote share,00:00:48  3 Nov 2020,40000
2020,President,polls-plus,11/3/2020,Trump,Biden,"",Iowa,8,54.19299,44.27251,,0,Blend with economic fundamentals,00:00:48  3 Nov 2020,40000
2020,President,polls-plus,11/3/2020,Trump,Biden,"",Iowa,7,49.9548,48.51071,,,Snapshot,00:00:48  3 Nov 2020,40000
2020,President,polls-plus,11/3/2020,Trump,Biden,"",Iowa,6,50.93184,47.53366,,.0755656,Blend with regression,00:00:48  3 Nov 2020,40000
2020,President,polls-plus,11/3/2020,Trump,Biden,"",Iowa,5,49.87493,48.59057,,,Reallocated vote share,00:00:48  3 Nov 2020,40000
2020,President,polls-plus,11/3/2020,Trump,Biden,"",Iowa,4,2.279659,2.279659,,,Reallocate undecideds and third-party votes,00:00:48  3 Nov 2020,40000
2020,President,polls-plus,11/3/2020,Trump,Biden,"",Iowa,3,47.59527,46.31091,,,Adjusted polling average,00:00:48  3 Nov 2020,40000
2020,President,polls-plus,11/3/2020,Trump,Biden,"",Iowa,2,0,0,,,Adjust for bounces & recent events,00:00:48  3 Nov 2020,40000
2020,President,polls-plus,11/3/2020,Trump,Biden,"",Iowa,1,47.59527,46.31091,,,Polling average,00:00:48  3 Nov 2020,40000
2020,President,polls-plus,11/3/2020,Trump,Biden,"",Iowa,10,.6013,.3987,,,Chance of winning,00:00:48  3 Nov 2020,40000
2020,President,polls-plus,11/3/2020,Trump,Biden,"",Indiana,9,54.75536,43.99824,,,Projected vote share,00:00:48  3 Nov 2020,40000
2020,President,polls-plus,11/3/2020,Trump,Biden,"",Indiana,8,58.94012,39.81348,,0,Blend with economic fundamentals,00:00:48  3 Nov 2020,40000
2020,President,polls-plus,11/3/2020,Trump,Biden,"",Indiana,7,54.75536,43.99824,,,Snapshot,00:00:48  3 Nov 2020,40000
2020,President,polls-plus,11/3/2020,Trump,Biden,"",Indiana,6,54.68855,44.06506,,.3189714,Blend with regression,00:00:48  3 Nov 2020,40000
2020,President,polls-plus,11/3/2020,Trump,Biden,"",Indiana,5,54.78666,43.96694,,,Reallocated vote share,00:00:48  3 Nov 2020,40000
2020,President,polls-plus,11/3/2020,Trump,Biden,"",Indiana,4,1.933678,1.933678,,,Reallocate undecideds and third-party votes,00:00:48  3 Nov 2020,40000
2020,President,polls-plus,11/3/2020,Trump,Biden,"",Indiana,3,52.85299,42.03326,,,Adjusted polling average,00:00:48  3 Nov 2020,40000
2020,President,polls-plus,11/3/2020,Trump,Biden,"",Indiana,2,0,0,,,Adjust for bounces & recent events,00:00:48  3 Nov 2020,40000
2020,President,polls-plus,11/3/2020,Trump,Biden,"",Indiana,1,52.85299,42.03326,,,Polling average,00:00:48  3 Nov 2020,40000
2020,President,polls-plus,11/3/2020,Trump,Biden,"",Indiana,10,.96445,.03555,,,Chance of winning,00:00:48  3 Nov 2020,40000
2020,President,polls-plus,11/3/2020,Trump,Biden,"",Illinois,9,40.39051,58.28538,,,Projected vote share,00:00:48  3 Nov 2020,40000
2020,President,polls-plus,11/3/2020,Trump,Biden,"",Illinois,8,44.58416,54.09173,,0,Blend with economic fundamentals,00:00:48  3 Nov 2020,40000
2020,President,polls-plus,11/3/2020,Trump,Biden,"",Illinois,7,40.39051,58.28538,,,Snapshot,00:00:48  3 Nov 2020,40000
2020,President,polls-plus,11/3/2020,Trump,Biden,"",Illinois,6,38.0272,60.64869,,.2849508,Blend with regression,00:00:48  3 Nov 2020,40000
2020,President,polls-plus,11/3/2020,Trump,Biden,"",Illinois,5,41.33231,57.34358,,,Reallocated vote share,00:00:48  3 Nov 2020,40000
2020,President,polls-plus,11/3/2020,Trump,Biden,"",Illinois,4,2.323101,2.323105,,,Reallocate undecideds and third-party votes,00:00:48  3 Nov 2020,40000
2020,President,polls-plus,11/3/2020,Trump,Biden,"",Illinois,3,39.00921,55.02048,,,Adjusted polling average,00:00:48  3 Nov 2020,40000
2020,President,polls-plus,11/3/2020,Trump,Biden,"",Illinois,2,0,0,,,Adjust for bounces & recent events,00:00:48  3 Nov 2020,40000
2020,President,polls-plus,11/3/2020,Trump,Biden,"",Illinois,1,39.00921,55.02048,,,Polling average,00:00:48  3 Nov 2020,40000
2020,President,polls-plus,11/3/2020,Trump,Biden,"",Illinois,10,.0007,.9993,,,Chance of winning,00:00:48  3 Nov 2020,40000
2020,President,polls-plus,11/3/2020,Trump,Biden,"",Idaho,9,59.51344,37.51779,,,Projected vote share,00:00:48  3 Nov 2020,40000
2020,President,polls-plus,11/3/2020,Trump,Biden,"",Idaho,8,63.46302,33.56821,,0,Blend with economic fundamentals,00:00:48  3 Nov 2020,40000
2020,President,polls-plus,11/3/2020,Trump,Biden,"",Idaho,7,59.51344,37.51779,,,Snapshot,00:00:48  3 Nov 2020,40000
2020,President,polls-plus,11/3/2020,Trump,Biden,"",Idaho,6,62.42516,34.60608,,.400533,Blend with regression,00:00:48  3 Nov 2020,40000
2020,President,polls-plus,11/3/2020,Trump,Biden,"",Idaho,5,57.56798,39.46325,,,Reallocated vote share,00:00:48  3 Nov 2020,40000
2020,President,polls-plus,11/3/2020,Trump,Biden,"",Idaho,4,1.008186,1.00819,,,Reallocate undecideds and third-party votes,00:00:48  3 Nov 2020,40000
2020,President,polls-plus,11/3/2020,Trump,Biden,"",Idaho,3,56.5598,38.45506,,,Adjusted polling average,00:00:48  3 Nov 2020,40000
2020,President,polls-plus,11/3/2020,Trump,Biden,"",Idaho,2,-.0295296,.0038681,,,Adjust for bounces & recent events,00:00:48  3 Nov 2020,40000
2020,President,polls-plus,11/3/2020,Trump,Biden,"",Idaho,1,56.58932,38.45119,,,Polling average,00:00:48  3 Nov 2020,40000
2020,President,polls-plus,11/3/2020,Trump,Biden,"",Idaho,10,.994375,.005625,,,Chance of winning,00:00:48  3 Nov 2020,40000
2020,President,polls-plus,11/3/2020,Trump,Biden,"",Hawaii,9,30.79893,67.65089,,,Projected vote share,00:00:48  3 Nov 2020,40000
2020,President,polls-plus,11/3/2020,Trump,Biden,"",Hawaii,8,34.66657,63.78325,,0,Blend with economic fundamentals,00:00:48  3 Nov 2020,40000
2020,President,polls-plus,11/3/2020,Trump,Biden,"",Hawaii,7,30.79893,67.65089,,,Snapshot,00:00:48  3 Nov 2020,40000
2020,President,polls-plus,11/3/2020,Trump,Biden,"",Hawaii,6,28.76156,69.68827,,.3807038,Blend with regression,00:00:48  3 Nov 2020,40000
2020,President,polls-plus,11/3/2020,Trump,Biden,"",Hawaii,5,32.05138,66.39845,,,Reallocated vote share,00:00:48  3 Nov 2020,40000
2020,President,polls-plus,11/3/2020,Trump,Biden,"",Hawaii,4,2.092739,2.092735,,,Reallocate undecideds and third-party votes,00:00:48  3 Nov 2020,40000
2020,President,polls-plus,11/3/2020,Trump,Biden,"",Hawaii,3,29.95864,64.30571,,,Adjusted polling average,00:00:48  3 Nov 2020,40000
2020,President,polls-plus,11/3/2020,Trump,Biden,"",Hawaii,2,0,0,,,Adjust for bounces & recent events,00:00:48  3 Nov 2020,40000
2020,President,polls-plus,11/3/2020,Trump,Biden,"",Hawaii,1,29.95864,64.30571,,,Polling average,00:00:48  3 Nov 2020,40000
2020,President,polls-plus,11/3/2020,Trump,Biden,"",Hawaii,10,.006275,.993725,,,Chance of winning,00:00:48  3 Nov 2020,40000
2020,President,polls-plus,11/3/2020,Trump,Biden,"",Georgia,9,49.1463,50.10981,,,Projected vote share,00:00:48  3 Nov 2020,40000
2020,President,polls-plus,11/3/2020,Trump,Biden,"",Georgia,8,53.42599,45.83012,,0,Blend with economic fundamentals,00:00:48  3 Nov 2020,40000
2020,President,polls-plus,11/3/2020,Trump,Biden,"",Georgia,7,49.1463,50.10981,,,Snapshot,00:00:48  3 Nov 2020,40000
2020,President,polls-plus,11/3/2020,Trump,Biden,"",Georgia,6,51.24375,48.01235,,.047669,Blend with regression,00:00:48  3 Nov 2020,40000
2020,President,polls-plus,11/3/2020,Trump,Biden,"",Georgia,5,49.04131,50.21479,,,Reallocated vote share,00:00:48  3 Nov 2020,40000
2020,President,polls-plus,11/3/2020,Trump,Biden,"",Georgia,4,1.674374,1.674374,,,Reallocate undecideds and third-party votes,00:00:48  3 Nov 2020,40000
2020,President,polls-plus,11/3/2020,Trump,Biden,"",Georgia,3,47.36694,48.54042,,,Adjusted polling average,00:00:48  3 Nov 2020,40000
2020,President,polls-plus,11/3/2020,Trump,Biden,"",Georgia,2,0,0,,,Adjust for bounces & recent events,00:00:48  3 Nov 2020,40000
2020,President,polls-plus,11/3/2020,Trump,Biden,"",Georgia,1,47.36694,48.54042,,,Polling average,00:00:48  3 Nov 2020,40000
2020,President,polls-plus,11/3/2020,Trump,Biden,"",Georgia,10,.418475,.581525,,,Chance of winning,00:00:48  3 Nov 2020,40000
2020,President,polls-plus,11/3/2020,Trump,Biden,"",Florida,9,48.41189,50.88575,,,Projected vote share,00:00:48  3 Nov 2020,40000
2020,President,polls-plus,11/3/2020,Trump,Biden,"",Florida,8,52.69602,46.60162,,0,Blend with economic fundamentals,00:00:48  3 Nov 2020,40000
2020,President,polls-plus,11/3/2020,Trump,Biden,"",Florida,7,48.41189,50.88575,,,Snapshot,00:00:48  3 Nov 2020,40000
2020,President,polls-plus,11/3/2020,Trump,Biden,"",Florida,6,47.58278,51.71486,,.0075372,Blend with regression,00:00:48  3 Nov 2020,40000
2020,President,polls-plus,11/3/2020,Trump,Biden,"",Florida,5,48.41819,50.87945,,,Reallocated vote share,00:00:48  3 Nov 2020,40000
2020,President,polls-plus,11/3/2020,Trump,Biden,"",Florida,4,1.799099,1.799099,,,Reallocate undecideds and third-party votes,00:00:48  3 Nov 2020,40000
2020,President,polls-plus,11/3/2020,Trump,Biden,"",Florida,3,46.61909,49.08035,,,Adjusted polling average,00:00:48  3 Nov 2020,40000
2020,President,polls-plus,11/3/2020,Trump,Biden,"",Florida,2,0,0,,,Adjust for bounces & recent events,00:00:48  3 Nov 2020,40000
2020,President,polls-plus,11/3/2020,Trump,Biden,"",Florida,1,46.61909,49.08035,,,Polling average,00:00:48  3 Nov 2020,40000
2020,President,polls-plus,11/3/2020,Trump,Biden,"",Florida,10,.309,.691,,,Chance of winning,00:00:48  3 Nov 2020,40000
2020,President,polls-plus,11/3/2020,Trump,Biden,"",District of Columbia,9,5.48334,91.2596,,,Projected vote share,00:00:48  3 Nov 2020,40000
2020,President,polls-plus,11/3/2020,Trump,Biden,"",District of Columbia,8,6.781681,89.96126,,0,Blend with economic fundamentals,00:00:48  3 Nov 2020,40000
2020,President,polls-plus,11/3/2020,Trump,Biden,"",District of Columbia,7,5.48334,91.2596,,,Snapshot,00:00:48  3 Nov 2020,40000
2020,President,polls-plus,11/3/2020,Trump,Biden,"",District of Columbia,6,5.268291,91.47465,,.6464902,Blend with regression,00:00:48  3 Nov 2020,40000
2020,President,polls-plus,11/3/2020,Trump,Biden,"",District of Columbia,5,5.876621,90.86632,,,Reallocated vote share,00:00:48  3 Nov 2020,40000
2020,President,polls-plus,11/3/2020,Trump,Biden,"",District of Columbia,4,.0935135,.0935135,,,Reallocate undecideds and third-party votes,00:00:48  3 Nov 2020,40000
2020,President,polls-plus,11/3/2020,Trump,Biden,"",District of Columbia,3,5.783107,90.7728,,,Adjusted polling average,00:00:48  3 Nov 2020,40000
2020,President,polls-plus,11/3/2020,Trump,Biden,"",District of Columbia,2,9.54e-07,0,,,Adjust for bounces & recent events,00:00:48  3 Nov 2020,40000
2020,President,polls-plus,11/3/2020,Trump,Biden,"",District of Columbia,1,5.783106,90.7728,,,Polling average,00:00:48  3 Nov 2020,40000
2020,President,polls-plus,11/3/2020,Trump,Biden,"",District of Columbia,10,0,1,,,Chance of winning,00:00:48  3 Nov 2020,40000
2020,President,polls-plus,11/3/2020,Trump,Biden,"",Delaware,9,36.64287,62.28277,,,Projected vote share,00:00:48  3 Nov 2020,40000
2020,President,polls-plus,11/3/2020,Trump,Biden,"",Delaware,8,40.75192,58.17372,,0,Blend with economic fundamentals,00:00:48  3 Nov 2020,40000
2020,President,polls-plus,11/3/2020,Trump,Biden,"",Delaware,7,36.64287,62.28277,,,Snapshot,00:00:48  3 Nov 2020,40000
2020,President,polls-plus,11/3/2020,Trump,Biden,"",Delaware,6,35.4784,63.44724,,.3733859,Blend with regression,00:00:48  3 Nov 2020,40000
2020,President,polls-plus,11/3/2020,Trump,Biden,"",Delaware,5,37.33675,61.58889,,,Reallocated vote share,00:00:48  3 Nov 2020,40000
2020,President,polls-plus,11/3/2020,Trump,Biden,"",Delaware,4,2.733593,2.733593,,,Reallocate undecideds and third-party votes,00:00:48  3 Nov 2020,40000
2020,President,polls-plus,11/3/2020,Trump,Biden,"",Delaware,3,34.60316,58.8553,,,Adjusted polling average,00:00:48  3 Nov 2020,40000
2020,President,polls-plus,11/3/2020,Trump,Biden,"",Delaware,2,0,0,,,Adjust for bounces & recent events,00:00:48  3 Nov 2020,40000
2020,President,polls-plus,11/3/2020,Trump,Biden,"",Delaware,1,34.60316,58.8553,,,Polling average,00:00:48  3 Nov 2020,40000
2020,President,polls-plus,11/3/2020,Trump,Biden,"",Delaware,10,.00005,.99995,,,Chance of winning,00:00:48  3 Nov 2020,40000
2020,President,polls-plus,11/3/2020,Trump,Biden,"",Connecticut,9,37.52225,61.59774,,,Projected vote share,00:00:48  3 Nov 2020,40000
2020,President,polls-plus,11/3/2020,Trump,Biden,"",Connecticut,8,41.66294,57.45704,,0,Blend with economic fundamentals,00:00:48  3 Nov 2020,40000
2020,President,polls-plus,11/3/2020,Trump,Biden,"",Connecticut,7,37.52225,61.59774,,,Snapshot,00:00:48  3 Nov 2020,40000
2020,President,polls-plus,11/3/2020,Trump,Biden,"",Connecticut,6,39.4554,59.66459,,.3607106,Blend with regression,00:00:48  3 Nov 2020,40000
2020,President,polls-plus,11/3/2020,Trump,Biden,"",Connecticut,5,36.43149,62.68849,,,Reallocated vote share,00:00:48  3 Nov 2020,40000
2020,President,polls-plus,11/3/2020,Trump,Biden,"",Connecticut,4,4.065128,4.065125,,,Reallocate undecideds and third-party votes,00:00:48  3 Nov 2020,40000
2020,President,polls-plus,11/3/2020,Trump,Biden,"",Connecticut,3,32.36636,58.62337,,,Adjusted polling average,00:00:48  3 Nov 2020,40000
2020,President,polls-plus,11/3/2020,Trump,Biden,"",Connecticut,2,0,0,,,Adjust for bounces & recent events,00:00:48  3 Nov 2020,40000
2020,President,polls-plus,11/3/2020,Trump,Biden,"",Connecticut,1,32.36636,58.62337,,,Polling average,00:00:48  3 Nov 2020,40000
2020,President,polls-plus,11/3/2020,Trump,Biden,"",Connecticut,10,.0008,.9992,,,Chance of winning,00:00:48  3 Nov 2020,40000
2020,President,polls-plus,11/3/2020,Trump,Biden,"",Colorado,9,42.83032,54.5648,,,Projected vote share,00:00:48  3 Nov 2020,40000
2020,President,polls-plus,11/3/2020,Trump,Biden,"",Colorado,8,47.01357,50.38156,,0,Blend with economic fundamentals,00:00:48  3 Nov 2020,40000
2020,President,polls-plus,11/3/2020,Trump,Biden,"",Colorado,7,42.83032,54.5648,,,Snapshot,00:00:48  3 Nov 2020,40000
2020,President,polls-plus,11/3/2020,Trump,Biden,"",Colorado,6,44.12415,53.27097,,.2177436,Blend with regression,00:00:48  3 Nov 2020,40000
2020,President,polls-plus,11/3/2020,Trump,Biden,"",Colorado,5,42.47018,54.92495,,,Reallocated vote share,00:00:48  3 Nov 2020,40000
2020,President,polls-plus,11/3/2020,Trump,Biden,"",Colorado,4,1.320435,1.320435,,,Reallocate undecideds and third-party votes,00:00:48  3 Nov 2020,40000
2020,President,polls-plus,11/3/2020,Trump,Biden,"",Colorado,3,41.14974,53.60451,,,Adjusted polling average,00:00:48  3 Nov 2020,40000
2020,President,polls-plus,11/3/2020,Trump,Biden,"",Colorado,2,0,0,,,Adjust for bounces & recent events,00:00:48  3 Nov 2020,40000
2020,President,polls-plus,11/3/2020,Trump,Biden,"",Colorado,1,41.14974,53.60451,,,Polling average,00:00:48  3 Nov 2020,40000
2020,President,polls-plus,11/3/2020,Trump,Biden,"",Colorado,10,.03165,.96835,,,Chance of winning,00:00:48  3 Nov 2020,40000
2020,President,polls-plus,11/3/2020,Trump,Biden,"",California,9,34.09999,64.09149,,,Projected vote share,00:00:48  3 Nov 2020,40000
2020,President,polls-plus,11/3/2020,Trump,Biden,"",California,8,38.1017,60.08979,,0,Blend with economic fundamentals,00:00:48  3 Nov 2020,40000
2020,President,polls-plus,11/3/2020,Trump,Biden,"",California,7,34.09999,64.09149,,,Snapshot,00:00:48  3 Nov 2020,40000
2020,President,polls-plus,11/3/2020,Trump,Biden,"",California,6,33.05644,65.13505,,.2778615,Blend with regression,00:00:48  3 Nov 2020,40000
2020,President,polls-plus,11/3/2020,Trump,Biden,"",California,5,34.50153,63.68996,,,Reallocated vote share,00:00:48  3 Nov 2020,40000
2020,President,polls-plus,11/3/2020,Trump,Biden,"",California,4,2.065376,2.065369,,,Reallocate undecideds and third-party votes,00:00:48  3 Nov 2020,40000
2020,President,polls-plus,11/3/2020,Trump,Biden,"",California,3,32.43615,61.62459,,,Adjusted polling average,00:00:48  3 Nov 2020,40000
2020,President,polls-plus,11/3/2020,Trump,Biden,"",California,2,0,0,,,Adjust for bounces & recent events,00:00:48  3 Nov 2020,40000
2020,President,polls-plus,11/3/2020,Trump,Biden,"",California,1,32.43615,61.62459,,,Polling average,00:00:48  3 Nov 2020,40000
2020,President,polls-plus,11/3/2020,Trump,Biden,"",California,10,.001425,.998575,,,Chance of winning,00:00:48  3 Nov 2020,40000
2020,President,polls-plus,11/3/2020,Trump,Biden,"",Arkansas,9,60.48444,37.76292,,,Projected vote share,00:00:48  3 Nov 2020,40000
2020,President,polls-plus,11/3/2020,Trump,Biden,"",Arkansas,8,64.47527,33.77209,,0,Blend with economic fundamentals,00:00:48  3 Nov 2020,40000
2020,President,polls-plus,11/3/2020,Trump,Biden,"",Arkansas,7,60.48444,37.76292,,,Snapshot,00:00:48  3 Nov 2020,40000
2020,President,polls-plus,11/3/2020,Trump,Biden,"",Arkansas,6,60.43258,37.81477,,.3239722,Blend with regression,00:00:48  3 Nov 2020,40000
2020,President,polls-plus,11/3/2020,Trump,Biden,"",Arkansas,5,60.50929,37.73807,,,Reallocated vote share,00:00:48  3 Nov 2020,40000
2020,President,polls-plus,11/3/2020,Trump,Biden,"",Arkansas,4,1.560432,1.560432,,,Reallocate undecideds and third-party votes,00:00:48  3 Nov 2020,40000
2020,President,polls-plus,11/3/2020,Trump,Biden,"",Arkansas,3,58.94886,36.17764,,,Adjusted polling average,00:00:48  3 Nov 2020,40000
2020,President,polls-plus,11/3/2020,Trump,Biden,"",Arkansas,2,0,0,,,Adjust for bounces & recent events,00:00:48  3 Nov 2020,40000
2020,President,polls-plus,11/3/2020,Trump,Biden,"",Arkansas,1,58.94886,36.17764,,,Polling average,00:00:48  3 Nov 2020,40000
2020,President,polls-plus,11/3/2020,Trump,Biden,"",Arkansas,10,.9898,.0102,,,Chance of winning,00:00:48  3 Nov 2020,40000
2020,President,polls-plus,11/3/2020,Trump,Biden,"",Arizona,9,48.09217,50.67569,,,Projected vote share,00:00:48  3 Nov 2020,40000
2020,President,polls-plus,11/3/2020,Trump,Biden,"",Arizona,8,52.35358,46.41427,,0,Blend with economic fundamentals,00:00:48  3 Nov 2020,40000
2020,President,polls-plus,11/3/2020,Trump,Biden,"",Arizona,7,48.09217,50.67569,,,Snapshot,00:00:48  3 Nov 2020,40000
2020,President,polls-plus,11/3/2020,Trump,Biden,"",Arizona,6,48.40445,50.3634,,.0311247,Blend with regression,00:00:48  3 Nov 2020,40000
2020,President,polls-plus,11/3/2020,Trump,Biden,"",Arizona,5,48.08213,50.68572,,,Reallocated vote share,00:00:48  3 Nov 2020,40000
2020,President,polls-plus,11/3/2020,Trump,Biden,"",Arizona,4,1.980328,1.980324,,,Reallocate undecideds and third-party votes,00:00:48  3 Nov 2020,40000
2020,President,polls-plus,11/3/2020,Trump,Biden,"",Arizona,3,46.10181,48.70539,,,Adjusted polling average,00:00:48  3 Nov 2020,40000
2020,President,polls-plus,11/3/2020,Trump,Biden,"",Arizona,2,0,0,,,Adjust for bounces & recent events,00:00:48  3 Nov 2020,40000
2020,President,polls-plus,11/3/2020,Trump,Biden,"",Arizona,1,46.10181,48.70539,,,Polling average,00:00:48  3 Nov 2020,40000
2020,President,polls-plus,11/3/2020,Trump,Biden,"",Arizona,10,.319775,.680225,,,Chance of winning,00:00:48  3 Nov 2020,40000
2020,President,polls-plus,11/3/2020,Trump,Biden,"",Alaska,9,52.97188,44.50855,,,Projected vote share,00:00:48  3 Nov 2020,40000
2020,President,polls-plus,11/3/2020,Trump,Biden,"",Alaska,8,57.12315,40.35728,,0,Blend with economic fundamentals,00:00:48  3 Nov 2020,40000
2020,President,polls-plus,11/3/2020,Trump,Biden,"",Alaska,7,52.97188,44.50855,,,Snapshot,00:00:48  3 Nov 2020,40000
2020,President,polls-plus,11/3/2020,Trump,Biden,"",Alaska,6,53.72149,43.75894,,.3482344,Blend with regression,00:00:48  3 Nov 2020,40000
2020,President,polls-plus,11/3/2020,Trump,Biden,"",Alaska,5,52.57137,44.90906,,,Reallocated vote share,00:00:48  3 Nov 2020,40000
2020,President,polls-plus,11/3/2020,Trump,Biden,"",Alaska,4,1.339012,1.339012,,,Reallocate undecideds and third-party votes,00:00:48  3 Nov 2020,40000
2020,President,polls-plus,11/3/2020,Trump,Biden,"",Alaska,3,51.23236,43.57005,,,Adjusted polling average,00:00:48  3 Nov 2020,40000
2020,President,polls-plus,11/3/2020,Trump,Biden,"",Alaska,2,0,0,,,Adjust for bounces & recent events,00:00:48  3 Nov 2020,40000
2020,President,polls-plus,11/3/2020,Trump,Biden,"",Alaska,1,51.23236,43.57005,,,Polling average,00:00:48  3 Nov 2020,40000
2020,President,polls-plus,11/3/2020,Trump,Biden,"",Alaska,10,.8505,.1495,,,Chance of winning,00:00:48  3 Nov 2020,40000
2020,President,polls-plus,11/3/2020,Trump,Biden,"",Alabama,9,59.63016,39.60223,,,Projected vote share,00:00:48  3 Nov 2020,40000
2020,President,polls-plus,11/3/2020,Trump,Biden,"",Alabama,8,63.71209,35.5203,,0,Blend with economic fundamentals,00:00:48  3 Nov 2020,40000
2020,President,polls-plus,11/3/2020,Trump,Biden,"",Alabama,7,59.63015,39.60224,,,Snapshot,00:00:48  3 Nov 2020,40000
2020,President,polls-plus,11/3/2020,Trump,Biden,"",Alabama,6,60.23886,38.99353,,.2886409,Blend with regression,00:00:48  3 Nov 2020,40000
2020,President,polls-plus,11/3/2020,Trump,Biden,"",Alabama,5,59.38316,39.84923,,,Reallocated vote share,00:00:48  3 Nov 2020,40000
2020,President,polls-plus,11/3/2020,Trump,Biden,"",Alabama,4,2.021908,2.021908,,,Reallocate undecideds and third-party votes,00:00:48  3 Nov 2020,40000
2020,President,polls-plus,11/3/2020,Trump,Biden,"",Alabama,3,57.36126,37.82732,,,Adjusted polling average,00:00:48  3 Nov 2020,40000
2020,President,polls-plus,11/3/2020,Trump,Biden,"",Alabama,2,0,0,,,Adjust for bounces & recent events,00:00:48  3 Nov 2020,40000
2020,President,polls-plus,11/3/2020,Trump,Biden,"",Alabama,1,57.36126,37.82732,,,Polling average,00:00:48  3 Nov 2020,40000
2020,President,polls-plus,11/3/2020,Trump,Biden,"",Alabama,10,.98355,.01645,,,Chance of winning,00:00:48  3 Nov 2020,40000
