state,timestamp,President
Alaska (EV: 3),18:50.3,R
Alaska (EV: 3),25:33.8,R
Alaska (EV: 3),16:11.9,R
Alaska (EV: 3),50:50.2,R
Alaska (EV: 3),45:23.2,R
Alaska (EV: 3),17:31.5,R
Alaska (EV: 3),58:29.5,R
Alaska (EV: 3),28:29.7,R
Alaska (EV: 3),47:02.3,R
Alaska (EV: 3),51:34.7,R
Alaska (EV: 3),19:23.9,R
Alaska (EV: 3),59:01.1,R
Alaska (EV: 3),51:01.8,R
Alaska (EV: 3),14:19.9,R
Alaska (EV: 3),40:57.3,R
Alaska (EV: 3),28:22.1,R
Alabama (EV: 9),23:42.3,R
Alabama (EV: 9),26:37.1,R
Alabama (EV: 9),40:11.6,R
Alabama (EV: 9),12:19.9,R
Alabama (EV: 9),00:38.2,R
Alabama (EV: 9),28:27.9,R
Alabama (EV: 9),23:38.1,R
Alabama (EV: 9),16:47.7,R
Alabama (EV: 9),28:22.1,R
Arkansas (EV: 6),25:31.1,R
Arkansas (EV: 6),15:02.3,R
Arkansas (EV: 6),57:22.4,R
Arkansas (EV: 6),55:55.4,R
Arkansas (EV: 6),43:33.8,R
Arkansas (EV: 6),53:14.5,R
Arkansas (EV: 6),57:11.4,R
Arkansas (EV: 6),48:31.1,R
Arkansas (EV: 6),29:12.3,R
Arkansas (EV: 6),32:01.7,R
Arkansas (EV: 6),17:19.9,R
Arkansas (EV: 6),32:18.4,R
Arkansas (EV: 6),12:38.5,R
Arkansas (EV: 6),16:59.4,R
Arkansas (EV: 6),48:39.1,R
Arkansas (EV: 6),07:03.2,R
Arkansas (EV: 6),53:43.3,R
Arkansas (EV: 6),24:22.9,R
Arkansas (EV: 6),45:32.9,R
Arkansas (EV: 6),19:52.1,R
Arkansas (EV: 6),59:53.0,R
Arkansas (EV: 6),01:32.7,R
Arkansas (EV: 6),31:33.2,R
Arkansas (EV: 6),15:12.1,R
Arkansas (EV: 6),28:52.8,R
Arkansas (EV: 6),16:52.4,R
Arkansas (EV: 6),40:54.0,R
Arkansas (EV: 6),32:33.1,R
Arkansas (EV: 6),52:53.1,R
Arkansas (EV: 6),44:33.2,R
Arkansas (EV: 6),36:13.0,R
Arkansas (EV: 6),27:52.3,R
Arkansas (EV: 6),07:50.4,R
Arkansas (EV: 6),39:04.5,R
Arkansas (EV: 6),30:24.5,R
Arkansas (EV: 6),21:03.3,R
Arkansas (EV: 6),11:42.3,R
Arkansas (EV: 6),39:42.4,R
Arkansas (EV: 6),00:17.5,R
Arkansas (EV: 6),43:56.7,R
Arkansas (EV: 6),33:38.8,R
Arkansas (EV: 6),09:56.8,R
Arkansas (EV: 6),46:58.1,R
Arkansas (EV: 6),51:38.6,R
Arkansas (EV: 6),16:31.6,R
Arkansas (EV: 6),53:30.9,R
Arkansas (EV: 6),32:32.8,R
Arkansas (EV: 6),42:51.7,R
Arkansas (EV: 6),36:10.3,R
Arkansas (EV: 6),15:30.3,R
Arkansas (EV: 6),58:31.8,R
Arkansas (EV: 6),07:44.5,R
Arkansas (EV: 6),07:44.3,R
Arkansas (EV: 6),38:43.7,R
Arkansas (EV: 6),47:02.3,R
Arkansas (EV: 6),23:42.3,R
Arkansas (EV: 6),53:23.1,R
Arkansas (EV: 6),37:24.9,R
Arkansas (EV: 6),16:39.8,R
Arkansas (EV: 6),19:13.9,R
Arkansas (EV: 6),17:21.1,R
Arkansas (EV: 6),41:11.6,R
Arkansas (EV: 6),22:03.8,R
Arkansas (EV: 6),17:32.2,R
Arkansas (EV: 6),08:18.1,R
Arkansas (EV: 6),30:23.0,R
Arkansas (EV: 6),13:48.4,R
Arkansas (EV: 6),51:26.3,R
Arkansas (EV: 6),53:18.8,R
Arkansas (EV: 6),29:17.3,R
Arkansas (EV: 6),37:48.0,R
Arkansas (EV: 6),08:12.6,R
Arkansas (EV: 6),49:45.3,R
Arkansas (EV: 6),27:15.9,R
Arkansas (EV: 6),23:38.1,R
Arkansas (EV: 6),14:42.2,R
Arkansas (EV: 6),56:14.3,R
Arkansas (EV: 6),24:40.8,R
Arkansas (EV: 6),40:19.2,R
Arkansas (EV: 6),28:22.1,R
Arizona (EV: 11),51:33.3,D
Arizona (EV: 11),35:27.7,D
Arizona (EV: 11),57:27.7,D
Arizona (EV: 11),39:04.5,D
Arizona (EV: 11),21:23.6,D
Arizona (EV: 11),59:43.8,D
Arizona (EV: 11),30:24.5,D
Arizona (EV: 11),47:22.4,D
Arizona (EV: 11),16:31.6,D
Arizona (EV: 11),20:29.7,D
Arizona (EV: 11),49:46.6,D
Arizona (EV: 11),46:24.5,D
Arizona (EV: 11),31:23.8,D
Arizona (EV: 11),27:43.9,D
Arizona (EV: 11),20:22.4,D
Arizona (EV: 11),14:54.8,D
Arizona (EV: 11),51:34.7,D
Arizona (EV: 11),23:42.3,D
Arizona (EV: 11),17:41.6,D
Arizona (EV: 11),51:41.5,D
Arizona (EV: 11),16:21.9,D
Arizona (EV: 11),49:41.3,D
Arizona (EV: 11),24:41.9,D
Arizona (EV: 11),21:41.8,D
Arizona (EV: 11),44:40.7,D
Arizona (EV: 11),17:01.5,D
Arizona (EV: 11),18:36.3,D
Arizona (EV: 11),51:18.1,D
Arizona (EV: 11),02:51.8,D
Arizona (EV: 11),23:05.1,D
Arizona (EV: 11),15:22.4,D
Arizona (EV: 11),40:02.0,D
Arizona (EV: 11),30:48.1,D
Arizona (EV: 11),16:49.3,D
Arizona (EV: 11),49:30.7,D
Arizona (EV: 11),35:28.2,D
Arizona (EV: 11),08:18.5,D
Arizona (EV: 11),32:33.8,D
Arizona (EV: 11),39:24.2,D
Arizona (EV: 11),21:07.1,D
Arizona (EV: 11),03:56.6,D
Arizona (EV: 11),31:25.7,D
Arizona (EV: 11),09:53.6,D
Arizona (EV: 11),03:57.4,D
Arizona (EV: 11),01:43.0,D
Arizona (EV: 11),45:35.8,D
Arizona (EV: 11),12:08.6,D
Arizona (EV: 11),02:37.7,D
Arizona (EV: 11),28:19.2,D
Arizona (EV: 11),43:16.4,D
Arizona (EV: 11),43:16.5,D
Arizona (EV: 11),16:34.6,D
Arizona (EV: 11),13:45.5,D
Arizona (EV: 11),07:08.3,D
Arizona (EV: 11),24:11.9,D
Arizona (EV: 11),30:39.2,D
Arizona (EV: 11),53:53.3,D
Arizona (EV: 11),25:09.9,D
Arizona (EV: 11),13:06.4,D
Arizona (EV: 11),03:11.4,D
Arizona (EV: 11),33:02.0,D
Arizona (EV: 11),37:12.1,D
Arizona (EV: 11),07:55.2,D
Arizona (EV: 11),33:56.0,D
Arizona (EV: 11),15:19.8,D
Arizona (EV: 11),04:29.2,D
Arizona (EV: 11),55:18.4,D
Arizona (EV: 11),46:52.6,D
Arizona (EV: 11),35:53.7,D
Arizona (EV: 11),07:42.2,D
Arizona (EV: 11),55:45.8,D
Arizona (EV: 11),53:24.1,D
Arizona (EV: 11),49:33.7,D
Arizona (EV: 11),21:26.9,D
Arizona (EV: 11),45:16.7,D
Arizona (EV: 11),43:01.7,D
Arizona (EV: 11),03:34.9,D
Arizona (EV: 11),44:49.8,D
Arizona (EV: 11),28:27.9,D
Arizona (EV: 11),44:32.5,D
Arizona (EV: 11),56:14.3,D
Arizona (EV: 11),52:05.6,D
Arizona (EV: 11),47:51.9,D
Arizona (EV: 11),28:22.1,D
California (EV: 55),35:12.1,D
California (EV: 55),43:38.0,D
California (EV: 55),45:26.7,D
California (EV: 55),43:44.4,D
California (EV: 55),43:22.1,D
California (EV: 55),43:50.7,D
California (EV: 55),44:09.8,D
California (EV: 55),44:09.9,D
California (EV: 55),42:43.3,D
California (EV: 55),42:23.3,D
California (EV: 55),11:44.8,D
California (EV: 55),45:25.9,D
California (EV: 55),41:23.3,D
California (EV: 55),47:39.7,D
California (EV: 55),31:59.2,D
California (EV: 55),48:37.8,D
California (EV: 55),48:02.5,D
California (EV: 55),37:59.2,D
California (EV: 55),37:13.6,D
California (EV: 55),20:33.4,D
California (EV: 55),37:14.0,D
California (EV: 55),37:33.4,D
California (EV: 55),37:31.3,D
California (EV: 55),37:47.3,D
California (EV: 55),39:04.5,D
California (EV: 55),30:45.7,D
California (EV: 55),43:45.4,D
California (EV: 55),38:25.3,D
California (EV: 55),11:42.3,D
California (EV: 55),43:56.7,D
California (EV: 55),44:09.4,D
California (EV: 55),36:29.2,D
California (EV: 55),22:08.0,D
California (EV: 55),49:46.6,D
California (EV: 55),45:25.7,D
California (EV: 55),43:04.6,D
California (EV: 55),49:42.8,D
California (EV: 55),40:04.7,D
California (EV: 55),38:14.3,D
California (EV: 55),51:34.7,D
California (EV: 55),36:22.9,D
California (EV: 55),23:42.3,D
California (EV: 55),15:21.0,D
California (EV: 55),35:21.0,D
California (EV: 55),36:01.0,D
California (EV: 55),16:21.9,D
California (EV: 55),49:41.3,D
California (EV: 55),24:41.9,D
California (EV: 55),38:41.4,D
California (EV: 55),19:21.9,D
California (EV: 55),41:20.6,D
California (EV: 55),37:57.2,D
California (EV: 55),37:40.1,D
California (EV: 55),18:36.3,D
California (EV: 55),01:00.3,D
California (EV: 55),56:52.6,D
California (EV: 55),48:42.1,D
California (EV: 55),51:18.1,D
California (EV: 55),36:23.2,D
California (EV: 55),43:52.9,D
California (EV: 55),17:21.1,D
California (EV: 55),38:03.7,D
California (EV: 55),24:38.6,D
California (EV: 55),41:32.5,D
California (EV: 55),37:03.9,D
California (EV: 55),38:51.6,D
California (EV: 55),42:06.5,D
California (EV: 55),41:05.1,D
California (EV: 55),38:15.4,D
California (EV: 55),56:26.3,D
California (EV: 55),47:07.7,D
California (EV: 55),40:56.2,D
California (EV: 55),28:19.2,D
California (EV: 55),43:16.4,D
California (EV: 55),43:16.5,D
California (EV: 55),37:14.7,D
California (EV: 55),41:02.8,D
California (EV: 55),37:26.7,D
California (EV: 55),57:28.8,D
California (EV: 55),55:21.8,D
California (EV: 55),27:54.6,D
California (EV: 55),26:00.0,D
California (EV: 55),35:53.7,D
California (EV: 55),34:06.4,D
California (EV: 55),40:29.0,D
California (EV: 55),41:08.6,D
California (EV: 55),43:35.1,D
California (EV: 55),02:56.3,D
California (EV: 55),55:33.0,D
California (EV: 55),16:49.3,D
California (EV: 55),41:34.1,D
California (EV: 55),13:03.5,D
California (EV: 55),48:31.1,D
California (EV: 55),40:57.3,D
California (EV: 55),41:18.7,D
California (EV: 55),33:32.8,D
California (EV: 55),25:02.0,D
California (EV: 55),17:08.8,D
California (EV: 55),23:44.0,D
California (EV: 55),28:22.1,D
Colorado (EV: 9),35:12.8,D
Colorado (EV: 9),19:41.6,D
Colorado (EV: 9),37:40.3,D
Colorado (EV: 9),48:51.1,D
Colorado (EV: 9),32:50.3,D
Colorado (EV: 9),46:45.4,D
Colorado (EV: 9),39:04.5,D
Colorado (EV: 9),37:03.1,D
Colorado (EV: 9),27:45.2,D
Colorado (EV: 9),59:43.8,D
Colorado (EV: 9),30:24.5,D
Colorado (EV: 9),27:03.3,D
Colorado (EV: 9),11:42.3,D
Colorado (EV: 9),47:44.0,D
Colorado (EV: 9),32:04.8,D
Colorado (EV: 9),14:24.1,D
Colorado (EV: 9),55:43.6,D
Colorado (EV: 9),20:19.5,D
Colorado (EV: 9),13:58.2,D
Colorado (EV: 9),16:31.6,D
Colorado (EV: 9),53:30.9,D
Colorado (EV: 9),39:12.4,D
Colorado (EV: 9),32:32.8,D
Colorado (EV: 9),24:32.4,D
Colorado (EV: 9),15:33.6,D
Colorado (EV: 9),28:30.8,D
Colorado (EV: 9),47:45.0,D
Colorado (EV: 9),38:22.4,D
Colorado (EV: 9),51:34.7,D
Colorado (EV: 9),52:35.1,D
Colorado (EV: 9),23:42.3,D
Colorado (EV: 9),49:41.3,D
Colorado (EV: 9),19:21.9,D
Colorado (EV: 9),12:43.8,D
Colorado (EV: 9),43:31.6,D
Colorado (EV: 9),26:05.6,D
Colorado (EV: 9),13:45.5,D
Colorado (EV: 9),59:15.5,D
Colorado (EV: 9),11:34.8,D
Colorado (EV: 9),35:53.7,D
Colorado (EV: 9),11:13.1,D
Colorado (EV: 9),25:57.7,D
Colorado (EV: 9),55:45.8,D
Colorado (EV: 9),37:48.0,D
Colorado (EV: 9),55:36.6,D
Colorado (EV: 9),37:52.4,D
Colorado (EV: 9),26:44.7,D
Colorado (EV: 9),24:21.8,D
Colorado (EV: 9),16:26.7,D
Colorado (EV: 9),07:02.3,D
Colorado (EV: 9),44:49.8,D
Colorado (EV: 9),57:33.6,D
Colorado (EV: 9),41:34.1,D
Colorado (EV: 9),14:43.5,D
Colorado (EV: 9),07:35.0,D
Colorado (EV: 9),51:22.5,D
Colorado (EV: 9),12:19.9,D
Colorado (EV: 9),23:38.1,D
Colorado (EV: 9),13:03.5,D
Colorado (EV: 9),56:14.3,D
Colorado (EV: 9),28:22.1,D
Connecticut (EV: 7),37:40.3,D
Connecticut (EV: 7),45:41.4,D
Connecticut (EV: 7),32:19.0,D
Connecticut (EV: 7),34:36.8,D
Connecticut (EV: 7),21:01.9,D
Connecticut (EV: 7),52:53.1,D
Connecticut (EV: 7),03:46.1,D
Connecticut (EV: 7),33:38.8,D
Connecticut (EV: 7),13:58.2,D
Connecticut (EV: 7),23:42.3,D
Connecticut (EV: 7),53:23.1,D
Connecticut (EV: 7),09:44.6,D
Connecticut (EV: 7),18:36.3,D
Connecticut (EV: 7),00:14.7,D
Connecticut (EV: 7),35:01.6,D
Connecticut (EV: 7),41:59.8,D
Connecticut (EV: 7),37:52.5,D
Connecticut (EV: 7),30:10.0,D
Connecticut (EV: 7),14:19.9,D
Connecticut (EV: 7),48:38.0,D
Connecticut (EV: 7),49:10.4,D
Connecticut (EV: 7),22:03.8,D
Connecticut (EV: 7),02:18.2,D
Connecticut (EV: 7),44:06.9,D
Connecticut (EV: 7),37:04.6,D
Connecticut (EV: 7),46:23.6,D
Connecticut (EV: 7),46:05.7,D
Connecticut (EV: 7),47:07.7,D
Connecticut (EV: 7),33:12.7,D
Connecticut (EV: 7),58:48.8,D
Connecticut (EV: 7),32:23.5,D
Connecticut (EV: 7),24:11.9,D
Connecticut (EV: 7),03:00.5,D
Connecticut (EV: 7),14:54.2,D
Connecticut (EV: 7),58:52.0,D
Connecticut (EV: 7),42:56.7,D
Connecticut (EV: 7),17:51.6,D
Connecticut (EV: 7),08:18.1,D
Connecticut (EV: 7),11:02.2,D
Connecticut (EV: 7),59:15.5,D
Connecticut (EV: 7),51:26.3,D
Connecticut (EV: 7),40:11.6,D
Connecticut (EV: 7),34:23.3,D
Connecticut (EV: 7),16:09.1,D
Connecticut (EV: 7),58:02.1,D
Connecticut (EV: 7),41:58.0,D
Connecticut (EV: 7),32:19.1,D
Connecticut (EV: 7),13:06.4,D
Connecticut (EV: 7),03:11.4,D
Connecticut (EV: 7),50:57.7,D
Connecticut (EV: 7),29:02.8,D
Connecticut (EV: 7),37:29.3,D
Connecticut (EV: 7),07:42.2,D
Connecticut (EV: 7),53:30.6,D
Connecticut (EV: 7),29:15.4,D
Connecticut (EV: 7),15:13.6,D
Connecticut (EV: 7),45:23.9,D
Connecticut (EV: 7),05:33.4,D
Connecticut (EV: 7),55:45.8,D
Connecticut (EV: 7),40:29.0,D
Connecticut (EV: 7),01:34.9,D
Connecticut (EV: 7),49:33.7,D
Connecticut (EV: 7),45:41.2,D
Connecticut (EV: 7),32:33.2,D
Connecticut (EV: 7),50:48.5,D
Connecticut (EV: 7),24:54.8,D
Connecticut (EV: 7),56:54.0,D
Connecticut (EV: 7),48:22.7,D
Connecticut (EV: 7),32:18.1,D
Connecticut (EV: 7),13:24.2,D
Connecticut (EV: 7),53:29.6,D
Connecticut (EV: 7),49:58.4,D
Connecticut (EV: 7),43:40.6,D
Connecticut (EV: 7),37:48.0,D
Connecticut (EV: 7),08:12.6,D
Connecticut (EV: 7),15:32.0,D
Connecticut (EV: 7),05:16.7,D
Connecticut (EV: 7),52:26.6,D
Connecticut (EV: 7),19:33.4,D
Connecticut (EV: 7),47:23.7,D
Connecticut (EV: 7),19:13.6,D
Connecticut (EV: 7),03:34.9,D
Connecticut (EV: 7),32:25.0,D
Connecticut (EV: 7),44:49.8,D
Connecticut (EV: 7),16:49.3,D
Connecticut (EV: 7),49:45.3,D
Connecticut (EV: 7),01:02.9,D
Connecticut (EV: 7),54:27.4,D
Connecticut (EV: 7),52:13.2,D
Connecticut (EV: 7),38:48.9,D
Connecticut (EV: 7),27:15.9,D
Connecticut (EV: 7),19:33.1,D
Connecticut (EV: 7),12:35.5,D
Connecticut (EV: 7),07:10.6,D
Connecticut (EV: 7),58:39.9,D
Connecticut (EV: 7),53:17.6,D
Connecticut (EV: 7),32:34.9,D
Connecticut (EV: 7),28:27.9,D
Connecticut (EV: 7),14:42.2,D
Connecticut (EV: 7),10:29.2,D
Connecticut (EV: 7),03:16.4,D
Connecticut (EV: 7),52:29.4,D
Connecticut (EV: 7),44:32.5,D
Connecticut (EV: 7),36:47.7,D
Connecticut (EV: 7),28:48.6,D
Connecticut (EV: 7),13:03.5,D
Connecticut (EV: 7),56:14.3,D
Connecticut (EV: 7),23:27.2,D
Connecticut (EV: 7),15:15.7,D
Connecticut (EV: 7),44:28.2,D
Connecticut (EV: 7),33:32.8,D
Connecticut (EV: 7),24:40.8,D
Connecticut (EV: 7),45:02.2,D
Connecticut (EV: 7),41:26.6,D
Connecticut (EV: 7),32:53.8,D
Connecticut (EV: 7),30:00.9,D
Connecticut (EV: 7),25:02.0,D
Connecticut (EV: 7),19:06.3,D
Connecticut (EV: 7),58:54.9,D
Connecticut (EV: 7),52:05.6,D
Connecticut (EV: 7),41:34.7,D
Connecticut (EV: 7),23:44.0,D
Connecticut (EV: 7),28:22.1,D
District of Columbia (EV: 3),39:04.5,D
District of Columbia (EV: 3),30:44.4,D
District of Columbia (EV: 3),23:42.3,D
District of Columbia (EV: 3),15:21.0,D
District of Columbia (EV: 3),30:48.1,D
District of Columbia (EV: 3),35:36.7,D
District of Columbia (EV: 3),30:34.7,D
District of Columbia (EV: 3),28:22.1,D
Delaware (EV: 3),51:34.7,D
Delaware (EV: 3),33:21.7,D
Delaware (EV: 3),52:34.2,D
Delaware (EV: 3),34:58.3,D
Delaware (EV: 3),52:13.2,D
Delaware (EV: 3),28:22.1,D
Florida (EV: 29),19:42.2,R
Florida (EV: 29),07:03.2,R
Florida (EV: 29),40:54.0,R
Florida (EV: 29),03:33.8,R
Florida (EV: 29),52:53.1,R
Florida (EV: 29),44:33.2,R
Florida (EV: 29),09:50.5,R
Florida (EV: 29),59:09.7,R
Florida (EV: 29),25:09.5,R
Florida (EV: 29),41:46.1,R
Florida (EV: 29),51:34.7,R
Florida (EV: 29),07:20.6,R
Florida (EV: 29),05:23.5,R
Florida (EV: 29),16:49.3,R
Florida (EV: 29),43:52.9,R
Florida (EV: 29),17:21.1,R
Florida (EV: 29),38:26.2,R
Florida (EV: 29),50:34.4,R
Florida (EV: 29),43:40.3,R
Florida (EV: 29),32:33.8,R
Florida (EV: 29),22:58.3,R
Florida (EV: 29),14:37.1,R
Florida (EV: 29),01:24.9,R
Florida (EV: 29),53:17.4,R
Florida (EV: 29),42:05.8,R
Florida (EV: 29),37:04.6,R
Florida (EV: 29),26:56.1,R
Florida (EV: 29),10:32.6,R
Florida (EV: 29),56:56.1,R
Florida (EV: 29),45:10.1,R
Florida (EV: 29),24:38.6,R
Florida (EV: 29),15:50.7,R
Florida (EV: 29),56:25.0,R
Florida (EV: 29),32:34.1,R
Florida (EV: 29),56:40.4,R
Florida (EV: 29),49:46.2,R
Florida (EV: 29),35:54.4,R
Florida (EV: 29),59:19.9,R
Florida (EV: 29),51:19.5,R
Florida (EV: 29),45:43.8,R
Florida (EV: 29),45:38.0,R
Florida (EV: 29),01:29.8,R
Florida (EV: 29),01:34.9,R
Florida (EV: 29),22:05.6,R
Florida (EV: 29),44:49.8,R
Florida (EV: 29),49:45.3,R
Florida (EV: 29),27:15.9,R
Florida (EV: 29),16:47.7,R
Florida (EV: 29),28:22.1,R
Georgia (EV: 16),11:31.4,D
Georgia (EV: 16),57:11.5,D
Georgia (EV: 16),51:12.2,D
Georgia (EV: 16),42:52.0,D
Georgia (EV: 16),35:12.1,D
Georgia (EV: 16),26:14.0,D
Georgia (EV: 16),16:31.8,D
Georgia (EV: 16),26:40.9,D
Georgia (EV: 16),15:11.8,D
Georgia (EV: 16),55:08.6,D
Georgia (EV: 16),49:26.3,D
Georgia (EV: 16),41:08.2,D
Georgia (EV: 16),55:42.4,D
Georgia (EV: 16),47:41.7,D
Georgia (EV: 16),14:01.4,D
Georgia (EV: 16),59:56.5,D
Georgia (EV: 16),36:43.1,D
Georgia (EV: 16),51:33.3,D
Georgia (EV: 16),43:56.7,D
Georgia (EV: 16),22:52.2,D
Georgia (EV: 16),32:32.8,D
Georgia (EV: 16),29:48.5,D
Georgia (EV: 16),09:26.4,D
Georgia (EV: 16),59:44.2,D
Georgia (EV: 16),51:34.7,D
Georgia (EV: 16),34:53.7,D
Georgia (EV: 16),12:33.4,D
Georgia (EV: 16),25:03.0,D
Georgia (EV: 16),46:23.4,D
Georgia (EV: 16),35:03.2,D
Georgia (EV: 16),23:42.3,D
Georgia (EV: 16),24:41.9,D
Georgia (EV: 16),46:42.8,D
Georgia (EV: 16),30:42.1,D
Georgia (EV: 16),21:41.1,D
Georgia (EV: 16),13:21.9,D
Georgia (EV: 16),25:01.5,D
Georgia (EV: 16),17:01.5,D
Georgia (EV: 16),07:20.2,D
Georgia (EV: 16),52:44.4,D
Georgia (EV: 16),13:34.0,D
Georgia (EV: 16),56:49.9,D
Georgia (EV: 16),49:15.1,D
Georgia (EV: 16),57:59.6,D
Georgia (EV: 16),26:39.6,D
Georgia (EV: 16),29:26.4,D
Georgia (EV: 16),51:07.7,D
Georgia (EV: 16),56:52.6,D
Georgia (EV: 16),36:23.2,D
Georgia (EV: 16),48:00.7,D
Georgia (EV: 16),32:18.1,D
Georgia (EV: 16),23:05.1,D
Georgia (EV: 16),35:44.3,D
Georgia (EV: 16),00:14.7,D
Georgia (EV: 16),51:25.2,D
Georgia (EV: 16),27:00.3,D
Georgia (EV: 16),19:13.9,D
Georgia (EV: 16),37:52.5,D
Georgia (EV: 16),30:10.0,D
Georgia (EV: 16),14:19.9,D
Georgia (EV: 16),48:38.0,D
Georgia (EV: 16),16:49.3,D
Georgia (EV: 16),43:52.9,D
Georgia (EV: 16),17:21.1,D
Georgia (EV: 16),53:08.1,D
Georgia (EV: 16),41:11.6,D
Georgia (EV: 16),57:34.3,D
Georgia (EV: 16),36:14.1,D
Georgia (EV: 16),19:03.1,D
Georgia (EV: 16),43:13.2,D
Georgia (EV: 16),38:22.5,D
Georgia (EV: 16),13:11.6,D
Georgia (EV: 16),21:37.7,D
Georgia (EV: 16),56:07.8,D
Georgia (EV: 16),46:05.7,D
Georgia (EV: 16),22:23.5,D
Georgia (EV: 16),15:31.9,D
Georgia (EV: 16),46:03.3,D
Georgia (EV: 16),41:05.1,D
Georgia (EV: 16),58:27.6,D
Georgia (EV: 16),24:13.3,D
Georgia (EV: 16),20:08.5,D
Georgia (EV: 16),40:56.2,D
Georgia (EV: 16),28:19.2,D
Georgia (EV: 16),23:52.5,D
Georgia (EV: 16),05:24.7,D
Georgia (EV: 16),43:16.4,D
Georgia (EV: 16),16:18.6,D
Georgia (EV: 16),06:00.5,D
Georgia (EV: 16),58:16.5,D
Georgia (EV: 16),47:09.1,D
Georgia (EV: 16),43:16.5,D
Georgia (EV: 16),26:05.6,D
Georgia (EV: 16),16:34.6,D
Georgia (EV: 16),13:45.5,D
Georgia (EV: 16),07:08.3,D
Georgia (EV: 16),58:48.8,D
Georgia (EV: 16),50:34.4,D
Georgia (EV: 16),43:08.4,D
Georgia (EV: 16),35:03.6,D
Georgia (EV: 16),32:23.5,D
Georgia (EV: 16),26:37.1,D
Georgia (EV: 16),24:11.9,D
Georgia (EV: 16),14:55.5,D
Georgia (EV: 16),03:00.5,D
Georgia (EV: 16),54:35.4,D
Georgia (EV: 16),39:06.9,D
Georgia (EV: 16),22:20.4,D
Georgia (EV: 16),14:54.2,D
Georgia (EV: 16),06:01.6,D
Georgia (EV: 16),42:56.7,D
Georgia (EV: 16),34:48.8,D
Georgia (EV: 16),25:45.2,D
Georgia (EV: 16),08:18.1,D
Georgia (EV: 16),53:53.3,D
Georgia (EV: 16),46:07.2,D
Georgia (EV: 16),22:14.3,D
Georgia (EV: 16),11:02.2,D
Georgia (EV: 16),51:26.3,D
Georgia (EV: 16),40:11.6,D
Georgia (EV: 16),24:05.7,D
Georgia (EV: 16),08:50.5,D
Georgia (EV: 16),40:44.5,D
Georgia (EV: 16),32:20.7,D
Georgia (EV: 16),21:32.8,D
Georgia (EV: 16),16:09.1,D
Georgia (EV: 16),49:49.5,D
Georgia (EV: 16),41:58.0,D
Georgia (EV: 16),32:19.1,D
Georgia (EV: 16),03:11.4,D
Georgia (EV: 16),35:56.9,D
Georgia (EV: 16),58:41.8,D
Georgia (EV: 16),24:48.2,D
Georgia (EV: 16),15:23.4,D
Georgia (EV: 16),10:54.9,D
Georgia (EV: 16),50:07.4,D
Georgia (EV: 16),40:27.0,R
Georgia (EV: 16),41:51.8,R
Georgia (EV: 16),41:37.6,R
Georgia (EV: 16),41:02.8,R
Georgia (EV: 16),10:40.0,R
Georgia (EV: 16),29:41.1,R
Georgia (EV: 16),06:46.5,R
Georgia (EV: 16),33:32.2,R
Georgia (EV: 16),00:51.6,R
Georgia (EV: 16),35:53.7,R
Georgia (EV: 16),01:17.4,R
Georgia (EV: 16),07:42.2,R
Georgia (EV: 16),45:38.0,R
Georgia (EV: 16),21:28.2,R
Georgia (EV: 16),01:29.8,R
Georgia (EV: 16),53:18.8,R
Georgia (EV: 16),37:23.8,R
Georgia (EV: 16),13:32.3,R
Georgia (EV: 16),05:33.4,R
Georgia (EV: 16),40:29.0,R
Georgia (EV: 16),32:32.0,R
Georgia (EV: 16),05:59.0,R
Georgia (EV: 16),45:41.2,R
Georgia (EV: 16),37:18.7,R
Georgia (EV: 16),21:26.9,R
Georgia (EV: 16),12:37.0,R
Georgia (EV: 16),50:48.5,R
Georgia (EV: 16),52:38.3,R
Georgia (EV: 16),48:22.7,R
Georgia (EV: 16),16:26.9,R
Georgia (EV: 16),46:27.4,R
Georgia (EV: 16),37:48.0,R
Georgia (EV: 16),53:50.0,R
Georgia (EV: 16),46:20.8,R
Georgia (EV: 16),50:38.4,R
Georgia (EV: 16),10:28.1,R
Georgia (EV: 16),45:38.0,R
Georgia (EV: 16),55:01.7,R
Georgia (EV: 16),12:23.0,R
Georgia (EV: 16),24:38.5,R
Georgia (EV: 16),22:05.6,R
Georgia (EV: 16),57:56.0,R
Georgia (EV: 16),53:56.9,R
Georgia (EV: 16),53:39.6,R
Georgia (EV: 16),49:40.1,R
Georgia (EV: 16),41:08.0,R
Georgia (EV: 16),11:54.1,R
Georgia (EV: 16),58:35.5,R
Georgia (EV: 16),51:15.1,R
Georgia (EV: 16),19:13.6,R
Georgia (EV: 16),03:34.9,R
Georgia (EV: 16),34:39.9,R
Georgia (EV: 16),28:06.8,R
Georgia (EV: 16),16:26.7,R
Georgia (EV: 16),00:02.1,R
Georgia (EV: 16),55:33.0,R
Georgia (EV: 16),44:49.8,R
Georgia (EV: 16),20:56.5,R
Georgia (EV: 16),16:49.3,R
Georgia (EV: 16),14:43.5,R
Georgia (EV: 16),01:02.9,R
Georgia (EV: 16),54:27.4,R
Georgia (EV: 16),44:28.0,R
Georgia (EV: 16),27:15.9,R
Georgia (EV: 16),12:35.5,R
Georgia (EV: 16),55:46.3,R
Georgia (EV: 16),45:13.2,R
Georgia (EV: 16),37:45.3,R
Georgia (EV: 16),29:17.6,R
Georgia (EV: 16),12:19.9,R
Georgia (EV: 16),53:17.6,R
Georgia (EV: 16),48:16.5,R
Georgia (EV: 16),37:49.6,R
Georgia (EV: 16),14:42.2,R
Georgia (EV: 16),44:32.5,R
Georgia (EV: 16),36:47.7,R
Georgia (EV: 16),33:35.0,R
Georgia (EV: 16),28:48.6,R
Georgia (EV: 16),13:03.5,R
Georgia (EV: 16),40:57.3,R
Georgia (EV: 16),57:21.5,R
Georgia (EV: 16),44:28.2,R
Georgia (EV: 16),41:18.7,R
Georgia (EV: 16),16:47.7,R
Georgia (EV: 16),37:07.2,R
Georgia (EV: 16),35:11.8,R
Georgia (EV: 16),15:56.6,R
Georgia (EV: 16),28:22.1,R
Hawaii (EV: 4),34:03.9,D
Hawaii (EV: 4),51:08.7,D
Hawaii (EV: 4),33:32.8,D
Hawaii (EV: 4),28:22.1,D
Iowa (EV: 6),19:02.0,R
Iowa (EV: 6),03:33.8,R
Iowa (EV: 6),25:23.0,R
Iowa (EV: 6),59:44.2,R
Iowa (EV: 6),51:34.7,R
Iowa (EV: 6),59:03.5,R
Iowa (EV: 6),44:44.4,R
Iowa (EV: 6),23:42.3,R
Iowa (EV: 6),24:41.9,R
Iowa (EV: 6),59:21.6,R
Iowa (EV: 6),53:23.1,R
Iowa (EV: 6),44:40.7,R
Iowa (EV: 6),29:41.6,R
Iowa (EV: 6),33:21.8,R
Iowa (EV: 6),17:01.5,R
Iowa (EV: 6),07:20.2,R
Iowa (EV: 6),37:47.7,R
Iowa (EV: 6),29:47.9,R
Iowa (EV: 6),44:24.6,R
Iowa (EV: 6),29:05.4,R
Iowa (EV: 6),21:05.7,R
Iowa (EV: 6),09:44.6,R
Iowa (EV: 6),54:44.3,R
Iowa (EV: 6),13:34.0,R
Iowa (EV: 6),44:26.5,R
Iowa (EV: 6),33:27.2,R
Iowa (EV: 6),57:59.6,R
Iowa (EV: 6),35:19.5,R
Iowa (EV: 6),10:41.3,R
Iowa (EV: 6),43:49.3,R
Iowa (EV: 6),25:20.4,R
Iowa (EV: 6),54:03.0,R
Iowa (EV: 6),48:00.7,R
Iowa (EV: 6),23:05.1,R
Iowa (EV: 6),05:23.5,R
Iowa (EV: 6),15:22.4,R
Iowa (EV: 6),51:25.2,R
Iowa (EV: 6),35:01.6,R
Iowa (EV: 6),27:00.3,R
Iowa (EV: 6),19:13.9,R
Iowa (EV: 6),48:38.0,R
Iowa (EV: 6),40:02.0,R
Iowa (EV: 6),16:49.3,R
Iowa (EV: 6),24:48.7,R
Iowa (EV: 6),17:21.1,R
Iowa (EV: 6),53:08.1,R
Iowa (EV: 6),41:11.6,R
Iowa (EV: 6),19:03.1,R
Iowa (EV: 6),43:13.2,R
Iowa (EV: 6),31:26.2,R
Iowa (EV: 6),17:59.1,R
Iowa (EV: 6),32:23.5,R
Iowa (EV: 6),24:11.9,R
Iowa (EV: 6),14:55.5,R
Iowa (EV: 6),30:56.7,R
Iowa (EV: 6),08:18.1,R
Iowa (EV: 6),40:11.6,R
Iowa (EV: 6),56:16.7,R
Iowa (EV: 6),23:58.9,R
Iowa (EV: 6),16:09.1,R
Iowa (EV: 6),32:19.1,R
Iowa (EV: 6),17:22.2,R
Iowa (EV: 6),03:11.4,R
Iowa (EV: 6),58:41.8,R
Iowa (EV: 6),50:57.7,R
Iowa (EV: 6),40:09.6,R
Iowa (EV: 6),07:42.2,R
Iowa (EV: 6),21:28.2,R
Iowa (EV: 6),15:13.6,R
Iowa (EV: 6),13:32.3,R
Iowa (EV: 6),50:52.4,R
Iowa (EV: 6),45:13.2,R
Iowa (EV: 6),28:22.1,R
Idaho (EV: 4),01:50.2,R
Idaho (EV: 4),51:34.7,R
Idaho (EV: 4),35:56.9,R
Idaho (EV: 4),21:51.2,R
Idaho (EV: 4),17:08.8,R
Idaho (EV: 4),28:22.1,R
Illinois (EV: 20),35:51.4,D
Illinois (EV: 20),00:19.1,D
Illinois (EV: 20),45:19.2,D
Illinois (EV: 20),55:55.4,D
Illinois (EV: 20),53:11.6,D
Illinois (EV: 20),43:51.1,D
Illinois (EV: 20),19:11.4,D
Illinois (EV: 20),53:56.5,D
Illinois (EV: 20),20:10.8,D
Illinois (EV: 20),48:13.5,D
Illinois (EV: 20),11:31.8,D
Illinois (EV: 20),55:32.8,D
Illinois (EV: 20),39:33.4,D
Illinois (EV: 20),24:46.7,D
Illinois (EV: 20),34:03.1,D
Illinois (EV: 20),19:45.1,D
Illinois (EV: 20),16:26.9,D
Illinois (EV: 20),59:03.5,D
Illinois (EV: 20),36:23.9,D
Illinois (EV: 20),23:42.3,D
Illinois (EV: 20),52:34.2,D
Illinois (EV: 20),22:22.1,D
Illinois (EV: 20),12:39.6,D
Illinois (EV: 20),36:25.9,D
Illinois (EV: 20),26:10.6,D
Illinois (EV: 20),20:08.5,D
Illinois (EV: 20),43:08.4,D
Illinois (EV: 20),46:07.2,D
Illinois (EV: 20),53:42.8,D
Illinois (EV: 20),21:32.8,D
Illinois (EV: 20),58:41.8,D
Illinois (EV: 20),16:43.5,D
Illinois (EV: 20),19:10.9,D
Illinois (EV: 20),44:07.4,D
Illinois (EV: 20),21:28.2,D
Illinois (EV: 20),01:29.8,D
Illinois (EV: 20),45:23.9,D
Illinois (EV: 20),37:18.7,D
Illinois (EV: 20),21:26.9,D
Illinois (EV: 20),12:37.0,D
Illinois (EV: 20),59:20.5,D
Illinois (EV: 20),34:38.1,D
Illinois (EV: 20),15:33.3,D
Illinois (EV: 20),04:38.9,D
Illinois (EV: 20),56:54.0,D
Illinois (EV: 20),41:08.6,D
Illinois (EV: 20),16:26.9,D
Illinois (EV: 20),55:14.9,D
Illinois (EV: 20),46:27.4,D
Illinois (EV: 20),37:48.0,D
Illinois (EV: 20),17:43.7,D
Illinois (EV: 20),55:33.0,D
Illinois (EV: 20),16:49.3,D
Illinois (EV: 20),29:17.6,D
Illinois (EV: 20),28:22.1,D
Indiana (EV: 11),14:30.0,R
Indiana (EV: 11),34:22.0,R
Indiana (EV: 11),18:52.8,R
Indiana (EV: 11),31:33.2,R
Indiana (EV: 11),16:52.4,R
Indiana (EV: 11),33:11.2,R
Indiana (EV: 11),14:27.5,R
Indiana (EV: 11),15:46.1,R
Indiana (EV: 11),39:04.5,R
Indiana (EV: 11),30:24.5,R
Indiana (EV: 11),14:24.1,R
Indiana (EV: 11),09:56.8,R
Indiana (EV: 11),28:30.8,R
Indiana (EV: 11),15:04.2,R
Indiana (EV: 11),10:03.8,R
Indiana (EV: 11),19:45.1,R
Indiana (EV: 11),51:34.7,R
Indiana (EV: 11),44:44.4,R
Indiana (EV: 11),23:42.3,R
Indiana (EV: 11),14:19.9,R
Indiana (EV: 11),17:21.1,R
Indiana (EV: 11),39:06.9,R
Indiana (EV: 11),47:36.9,R
Indiana (EV: 11),45:44.3,R
Indiana (EV: 11),12:24.9,R
Indiana (EV: 11),48:02.6,R
Indiana (EV: 11),40:09.6,R
Indiana (EV: 11),10:44.3,R
Indiana (EV: 11),15:13.6,R
Indiana (EV: 11),14:01.6,R
Indiana (EV: 11),37:18.7,R
Indiana (EV: 11),31:11.9,R
Indiana (EV: 11),59:20.5,R
Indiana (EV: 11),34:38.1,R
Indiana (EV: 11),12:52.8,R
Indiana (EV: 11),53:29.6,R
Indiana (EV: 11),43:40.6,R
Indiana (EV: 11),26:02.7,R
Indiana (EV: 11),13:43.0,R
Indiana (EV: 11),08:12.6,R
Indiana (EV: 11),31:46.2,R
Indiana (EV: 11),29:17.6,R
Indiana (EV: 11),14:42.2,R
Indiana (EV: 11),16:47.7,R
Indiana (EV: 11),28:22.1,R
Kansas (EV: 6),51:34.7,R
Kansas (EV: 6),23:42.3,R
Kansas (EV: 6),48:42.1,R
Kansas (EV: 6),19:13.9,R
Kansas (EV: 6),58:05.1,R
Kansas (EV: 6),50:34.4,R
Kansas (EV: 6),43:40.3,R
Kansas (EV: 6),35:28.2,R
Kansas (EV: 6),49:35.4,R
Kansas (EV: 6),43:16.5,R
Kansas (EV: 6),33:12.7,R
Kansas (EV: 6),26:05.6,R
Kansas (EV: 6),13:45.5,R
Kansas (EV: 6),07:08.3,R
Kansas (EV: 6),50:34.4,R
Kansas (EV: 6),43:08.4,R
Kansas (EV: 6),35:03.6,R
Kansas (EV: 6),24:11.9,R
Kansas (EV: 6),39:06.9,R
Kansas (EV: 6),30:56.7,R
Kansas (EV: 6),22:20.4,R
Kansas (EV: 6),14:54.2,R
Kansas (EV: 6),58:52.0,R
Kansas (EV: 6),51:21.7,R
Kansas (EV: 6),17:51.6,R
Kansas (EV: 6),08:18.1,R
Kansas (EV: 6),43:36.0,R
Kansas (EV: 6),59:53.9,R
Kansas (EV: 6),53:42.8,R
Kansas (EV: 6),47:36.9,R
Kansas (EV: 6),40:44.5,R
Kansas (EV: 6),35:07.6,R
Kansas (EV: 6),51:41.2,R
Kansas (EV: 6),42:18.1,R
Kansas (EV: 6),25:57.7,R
Kansas (EV: 6),10:44.3,R
Kansas (EV: 6),07:42.2,R
Kansas (EV: 6),53:30.6,R
Kansas (EV: 6),35:05.7,R
Kansas (EV: 6),27:06.1,R
Kansas (EV: 6),21:28.2,R
Kansas (EV: 6),15:13.6,R
Kansas (EV: 6),01:29.8,R
Kansas (EV: 6),53:18.8,R
Kansas (EV: 6),45:23.9,R
Kansas (EV: 6),37:23.8,R
Kansas (EV: 6),29:17.3,R
Kansas (EV: 6),21:19.0,R
Kansas (EV: 6),13:32.3,R
Kansas (EV: 6),05:33.4,R
Kansas (EV: 6),55:45.8,R
Kansas (EV: 6),40:29.0,R
Kansas (EV: 6),45:41.2,R
Kansas (EV: 6),37:18.7,R
Kansas (EV: 6),21:26.9,R
Kansas (EV: 6),16:49.3,R
Kansas (EV: 6),01:09.7,R
Kansas (EV: 6),59:26.3,R
Kansas (EV: 6),57:33.6,R
Kansas (EV: 6),49:45.3,R
Kansas (EV: 6),41:34.1,R
Kansas (EV: 6),28:05.0,R
Kansas (EV: 6),24:27.3,R
Kansas (EV: 6),16:40.3,R
Kansas (EV: 6),14:43.5,R
Kansas (EV: 6),01:02.9,R
Kansas (EV: 6),19:33.1,R
Kansas (EV: 6),12:35.5,R
Kansas (EV: 6),04:57.1,R
Kansas (EV: 6),01:03.8,R
Kansas (EV: 6),55:46.3,R
Kansas (EV: 6),52:58.2,R
Kansas (EV: 6),50:52.4,R
Kansas (EV: 6),41:50.9,R
Kansas (EV: 6),21:34.2,R
Kansas (EV: 6),12:19.9,R
Kansas (EV: 6),07:10.6,R
Kansas (EV: 6),48:16.5,R
Kansas (EV: 6),40:10.8,R
Kansas (EV: 6),23:38.1,R
Kansas (EV: 6),14:42.2,R
Kansas (EV: 6),10:29.2,R
Kansas (EV: 6),06:39.3,R
Kansas (EV: 6),06:10.4,R
Kansas (EV: 6),36:47.7,R
Kansas (EV: 6),33:35.0,R
Kansas (EV: 6),40:57.3,R
Kansas (EV: 6),23:27.2,R
Kansas (EV: 6),15:15.7,R
Kansas (EV: 6),28:22.1,R
Kentucky (EV: 8),00:11.7,R
Kentucky (EV: 8),47:21.7,R
Kentucky (EV: 8),39:20.4,R
Kentucky (EV: 8),29:42.6,R
Kentucky (EV: 8),19:41.6,R
Kentucky (EV: 8),03:21.7,R
Kentucky (EV: 8),53:20.5,R
Kentucky (EV: 8),45:41.1,R
Kentucky (EV: 8),37:40.3,R
Kentucky (EV: 8),51:34.7,R
Kentucky (EV: 8),23:42.3,R
Kentucky (EV: 8),52:34.2,R
Kentucky (EV: 8),17:21.1,R
Kentucky (EV: 8),41:11.6,R
Kentucky (EV: 8),49:10.4,R
Kentucky (EV: 8),51:52.1,R
Kentucky (EV: 8),36:14.1,R
Kentucky (EV: 8),31:26.2,R
Kentucky (EV: 8),17:32.2,R
Kentucky (EV: 8),58:10.4,R
Kentucky (EV: 8),06:00.5,R
Kentucky (EV: 8),26:05.6,R
Kentucky (EV: 8),32:23.5,R
Kentucky (EV: 8),26:37.1,R
Kentucky (EV: 8),24:11.9,R
Kentucky (EV: 8),14:55.5,R
Kentucky (EV: 8),03:00.5,R
Kentucky (EV: 8),54:35.4,R
Kentucky (EV: 8),46:44.5,R
Kentucky (EV: 8),39:06.9,R
Kentucky (EV: 8),30:56.7,R
Kentucky (EV: 8),22:20.4,R
Kentucky (EV: 8),14:54.2,R
Kentucky (EV: 8),06:01.6,R
Kentucky (EV: 8),58:52.0,R
Kentucky (EV: 8),51:21.7,R
Kentucky (EV: 8),42:56.7,R
Kentucky (EV: 8),34:48.8,R
Kentucky (EV: 8),30:39.2,R
Kentucky (EV: 8),25:45.2,R
Kentucky (EV: 8),17:51.6,R
Kentucky (EV: 8),08:18.1,R
Kentucky (EV: 8),53:53.3,R
Kentucky (EV: 8),46:07.2,R
Kentucky (EV: 8),37:31.8,R
Kentucky (EV: 8),22:14.3,R
Kentucky (EV: 8),59:15.5,R
Kentucky (EV: 8),40:11.6,R
Kentucky (EV: 8),27:02.9,R
Kentucky (EV: 8),15:43.8,R
Kentucky (EV: 8),40:44.5,R
Kentucky (EV: 8),16:09.1,R
Kentucky (EV: 8),41:58.0,R
Kentucky (EV: 8),52:39.1,R
Kentucky (EV: 8),45:44.3,R
Kentucky (EV: 8),11:34.8,R
Kentucky (EV: 8),28:22.1,R
Louisiana (EV: 8),22:38.2,R
Louisiana (EV: 8),18:41.3,R
Louisiana (EV: 8),06:58.1,R
Louisiana (EV: 8),53:58.7,R
Louisiana (EV: 8),45:58.8,R
Louisiana (EV: 8),35:19.5,R
Louisiana (EV: 8),22:39.9,R
Louisiana (EV: 8),35:15.1,R
Louisiana (EV: 8),23:42.3,R
Louisiana (EV: 8),53:20.5,R
Louisiana (EV: 8),17:05.8,R
Louisiana (EV: 8),16:28.6,R
Louisiana (EV: 8),24:27.3,R
Louisiana (EV: 8),28:22.1,R
Massachusetts (EV: 11),39:42.2,D
Massachusetts (EV: 11),18:56.0,D
Massachusetts (EV: 11),35:54.6,D
Massachusetts (EV: 11),53:14.5,D
Massachusetts (EV: 11),48:31.1,D
Massachusetts (EV: 11),59:53.0,D
Massachusetts (EV: 11),32:52.6,D
Massachusetts (EV: 11),33:38.8,D
Massachusetts (EV: 11),29:54.4,D
Massachusetts (EV: 11),41:20.6,D
Massachusetts (EV: 11),33:21.8,D
Massachusetts (EV: 11),21:39.5,D
Massachusetts (EV: 11),41:06.7,D
Massachusetts (EV: 11),32:18.1,D
Massachusetts (EV: 11),27:00.3,D
Massachusetts (EV: 11),19:03.1,D
Massachusetts (EV: 11),56:56.1,D
Massachusetts (EV: 11),24:38.6,D
Massachusetts (EV: 11),40:49.8,D
Massachusetts (EV: 11),00:52.2,D
Massachusetts (EV: 11),23:49.6,D
Massachusetts (EV: 11),49:53.9,D
Massachusetts (EV: 11),12:08.6,D
Massachusetts (EV: 11),59:44.4,D
Massachusetts (EV: 11),43:16.5,D
Massachusetts (EV: 11),33:12.7,D
Massachusetts (EV: 11),11:02.2,D
Massachusetts (EV: 11),59:15.5,D
Massachusetts (EV: 11),32:20.7,D
Massachusetts (EV: 11),35:56.9,D
Massachusetts (EV: 11),11:34.8,D
Massachusetts (EV: 11),50:57.7,D
Massachusetts (EV: 11),42:09.2,D
Massachusetts (EV: 11),37:14.7,D
Massachusetts (EV: 11),52:07.8,D
Massachusetts (EV: 11),33:56.0,D
Massachusetts (EV: 11),26:00.0,D
Massachusetts (EV: 11),10:47.9,D
Massachusetts (EV: 11),55:18.4,D
Massachusetts (EV: 11),50:53.5,D
Massachusetts (EV: 11),46:52.6,D
Massachusetts (EV: 11),11:13.1,D
Massachusetts (EV: 11),42:18.1,D
Massachusetts (EV: 11),10:44.3,D
Massachusetts (EV: 11),07:42.2,D
Massachusetts (EV: 11),53:30.6,D
Massachusetts (EV: 11),53:18.8,D
Massachusetts (EV: 11),45:23.9,D
Massachusetts (EV: 11),37:23.8,D
Massachusetts (EV: 11),13:32.3,D
Massachusetts (EV: 11),05:33.4,D
Massachusetts (EV: 11),55:45.8,D
Massachusetts (EV: 11),48:22.3,D
Massachusetts (EV: 11),40:29.0,D
Massachusetts (EV: 11),32:32.0,D
Massachusetts (EV: 11),23:39.2,D
Massachusetts (EV: 11),15:29.0,D
Massachusetts (EV: 11),14:01.6,D
Massachusetts (EV: 11),05:59.0,D
Massachusetts (EV: 11),01:34.9,D
Massachusetts (EV: 11),49:33.7,D
Massachusetts (EV: 11),45:41.2,D
Massachusetts (EV: 11),37:18.7,D
Massachusetts (EV: 11),21:26.9,D
Massachusetts (EV: 11),34:38.1,D
Massachusetts (EV: 11),24:54.8,D
Massachusetts (EV: 11),15:33.3,D
Massachusetts (EV: 11),41:08.6,D
Massachusetts (EV: 11),16:26.9,D
Massachusetts (EV: 11),09:07.2,D
Massachusetts (EV: 11),56:46.4,D
Massachusetts (EV: 11),55:45.2,D
Massachusetts (EV: 11),55:14.9,D
Massachusetts (EV: 11),37:48.0,D
Massachusetts (EV: 11),17:43.7,D
Massachusetts (EV: 11),08:12.6,D
Massachusetts (EV: 11),41:34.1,D
Massachusetts (EV: 11),14:43.5,D
Massachusetts (EV: 11),01:02.9,D
Massachusetts (EV: 11),54:58.8,D
Massachusetts (EV: 11),54:27.4,D
Massachusetts (EV: 11),44:28.0,D
Massachusetts (EV: 11),38:48.9,D
Massachusetts (EV: 11),36:06.5,D
Massachusetts (EV: 11),31:46.2,D
Massachusetts (EV: 11),27:15.9,D
Massachusetts (EV: 11),21:41.5,D
Massachusetts (EV: 11),29:17.6,D
Massachusetts (EV: 11),23:27.2,D
Massachusetts (EV: 11),16:31.3,D
Massachusetts (EV: 11),15:15.7,D
Massachusetts (EV: 11),57:21.5,D
Massachusetts (EV: 11),44:28.2,D
Massachusetts (EV: 11),33:32.8,D
Massachusetts (EV: 11),16:47.7,D
Massachusetts (EV: 11),52:05.6,D
Massachusetts (EV: 11),41:34.7,D
Massachusetts (EV: 11),17:08.8,D
Massachusetts (EV: 11),32:18.8,D
Massachusetts (EV: 11),28:22.1,D
Maryland (EV: 10),45:41.4,D
Maryland (EV: 10),34:36.8,D
Maryland (EV: 10),30:13.5,D
Maryland (EV: 10),19:02.0,D
Maryland (EV: 10),48:02.5,D
Maryland (EV: 10),37:14.0,D
Maryland (EV: 10),15:12.7,D
Maryland (EV: 10),53:12.4,D
Maryland (EV: 10),44:34.2,D
Maryland (EV: 10),40:54.0,D
Maryland (EV: 10),49:14.0,D
Maryland (EV: 10),33:11.2,D
Maryland (EV: 10),52:53.1,D
Maryland (EV: 10),36:13.0,D
Maryland (EV: 10),40:48.6,D
Maryland (EV: 10),39:04.5,D
Maryland (EV: 10),07:04.7,D
Maryland (EV: 10),24:46.7,D
Maryland (EV: 10),34:43.6,D
Maryland (EV: 10),47:44.0,D
Maryland (EV: 10),32:04.8,D
Maryland (EV: 10),14:24.1,D
Maryland (EV: 10),39:42.4,D
Maryland (EV: 10),14:37.6,D
Maryland (EV: 10),27:58.4,D
Maryland (EV: 10),46:58.1,D
Maryland (EV: 10),53:30.9,D
Maryland (EV: 10),32:32.8,D
Maryland (EV: 10),42:51.7,D
Maryland (EV: 10),44:31.2,D
Maryland (EV: 10),59:29.3,D
Maryland (EV: 10),00:45.5,D
Maryland (EV: 10),09:26.4,D
Maryland (EV: 10),13:22.8,D
Maryland (EV: 10),31:43.4,D
Maryland (EV: 10),07:44.5,D
Maryland (EV: 10),31:23.8,D
Maryland (EV: 10),15:04.2,D
Maryland (EV: 10),25:23.0,D
Maryland (EV: 10),38:22.4,D
Maryland (EV: 10),21:42.6,D
Maryland (EV: 10),51:22.4,D
Maryland (EV: 10),34:03.9,D
Maryland (EV: 10),47:02.3,D
Maryland (EV: 10),36:21.9,D
Maryland (EV: 10),59:35.7,D
Maryland (EV: 10),51:34.7,D
Maryland (EV: 10),38:47.5,D
Maryland (EV: 10),23:42.3,D
Maryland (EV: 10),49:41.3,D
Maryland (EV: 10),21:41.8,D
Maryland (EV: 10),14:20.7,D
Maryland (EV: 10),59:21.6,D
Maryland (EV: 10),37:42.0,D
Maryland (EV: 10),21:41.1,D
Maryland (EV: 10),29:47.9,D
Maryland (EV: 10),17:25.6,D
Maryland (EV: 10),37:15.6,D
Maryland (EV: 10),51:18.1,D
Maryland (EV: 10),02:51.8,D
Maryland (EV: 10),36:23.2,D
Maryland (EV: 10),15:22.4,D
Maryland (EV: 10),39:29.6,D
Maryland (EV: 10),03:10.6,D
Maryland (EV: 10),24:38.6,D
Maryland (EV: 10),44:48.3,D
Maryland (EV: 10),13:34.6,D
Maryland (EV: 10),20:39.6,D
Maryland (EV: 10),58:27.6,D
Maryland (EV: 10),32:23.5,D
Maryland (EV: 10),54:35.4,D
Maryland (EV: 10),16:09.1,D
Maryland (EV: 10),32:19.1,D
Maryland (EV: 10),51:40.7,D
Maryland (EV: 10),23:04.4,D
Maryland (EV: 10),22:40.3,D
Maryland (EV: 10),07:42.2,D
Maryland (EV: 10),37:23.8,D
Maryland (EV: 10),48:22.3,D
Maryland (EV: 10),45:41.2,D
Maryland (EV: 10),21:26.9,D
Maryland (EV: 10),59:05.8,D
Maryland (EV: 10),58:35.5,D
Maryland (EV: 10),43:35.1,D
Maryland (EV: 10),54:27.4,D
Maryland (EV: 10),52:13.2,D
Maryland (EV: 10),31:46.2,D
Maryland (EV: 10),29:17.6,D
Maryland (EV: 10),40:57.3,D
Maryland (EV: 10),19:06.3,D
Maryland (EV: 10),32:47.2,D
Maryland (EV: 10),28:22.1,D
Maine (EV: 4),39:42.2,D
Maine (EV: 4),29:47.9,D
Maine (EV: 4),56:49.9,D
Maine (EV: 4),49:15.1,D
Maine (EV: 4),19:03.1,D
Maine (EV: 4),12:08.6,D
Maine (EV: 4),05:24.7,D
Maine (EV: 4),43:16.4,D
Maine (EV: 4),49:59.2,D
Maine (EV: 4),33:12.7,D
Maine (EV: 4),50:34.4,D
Maine (EV: 4),25:45.2,D
Maine (EV: 4),25:09.9,D
Maine (EV: 4),22:14.3,D
Maine (EV: 4),51:26.3,D
Maine (EV: 4),40:11.6,D
Maine (EV: 4),39:04.0,D
Maine (EV: 4),52:39.1,D
Maine (EV: 4),11:34.8,D
Maine (EV: 4),50:57.7,D
Maine (EV: 4),43:04.4,D
Maine (EV: 4),48:02.6,D
Maine (EV: 4),37:14.7,D
Maine (EV: 4),29:05.7,D
Maine (EV: 4),52:07.8,D
Maine (EV: 4),51:41.2,D
Maine (EV: 4),01:29.8,D
Maine (EV: 4),53:18.8,D
Maine (EV: 4),37:23.8,D
Maine (EV: 4),29:17.3,D
Maine (EV: 4),13:32.3,D
Maine (EV: 4),48:22.3,D
Maine (EV: 4),32:32.0,D
Maine (EV: 4),52:26.6,D
Maine (EV: 4),50:38.4,D
Maine (EV: 4),20:44.8,D
Maine (EV: 4),04:57.1,D
Maine (EV: 4),01:03.8,D
Maine (EV: 4),56:30.9,D
Maine (EV: 4),48:16.5,D
Maine (EV: 4),37:49.6,D
Maine (EV: 4),28:27.9,D
Maine (EV: 4),23:38.1,D
Maine (EV: 4),10:29.2,D
Maine (EV: 4),06:39.3,D
Maine (EV: 4),06:10.4,D
Maine (EV: 4),03:16.4,D
Maine (EV: 4),52:29.4,D
Maine (EV: 4),47:47.0,D
Maine (EV: 4),44:32.5,D
Maine (EV: 4),33:35.0,D
Maine (EV: 4),28:48.6,D
Maine (EV: 4),21:00.6,D
Maine (EV: 4),17:39.8,D
Maine (EV: 4),13:03.5,D
Maine (EV: 4),48:31.1,D
Maine (EV: 4),41:18.7,D
Maine (EV: 4),33:32.8,D
Maine (EV: 4),16:47.7,D
Maine (EV: 4),04:22.0,D
Maine (EV: 4),45:02.2,D
Maine (EV: 4),41:26.6,D
Maine (EV: 4),35:11.8,D
Maine (EV: 4),32:53.8,D
Maine (EV: 4),30:00.9,D
Maine (EV: 4),12:53.5,D
Maine (EV: 4),05:16.6,D
Maine (EV: 4),52:05.6,D
Maine (EV: 4),41:34.7,D
Maine (EV: 4),17:08.8,D
Maine (EV: 4),32:18.8,D
Maine (EV: 4),23:44.0,D
Maine (EV: 4),15:56.6,D
Maine (EV: 4),28:22.1,D
Michigan (EV: 16),19:32.3,D
Michigan (EV: 16),53:21.6,D
Michigan (EV: 16),47:21.7,D
Michigan (EV: 16),39:20.4,D
Michigan (EV: 16),44:41.2,D
Michigan (EV: 16),39:19.1,D
Michigan (EV: 16),29:39.9,D
Michigan (EV: 16),55:55.4,D
Michigan (EV: 16),17:20.7,D
Michigan (EV: 16),26:58.4,D
Michigan (EV: 16),27:33.4,D
Michigan (EV: 16),11:08.2,D
Michigan (EV: 16),32:04.8,D
Michigan (EV: 16),07:44.5,D
Michigan (EV: 16),51:34.7,D
Michigan (EV: 16),23:42.3,D
Michigan (EV: 16),05:21.2,D
Michigan (EV: 16),12:43.8,D
Michigan (EV: 16),35:19.5,D
Michigan (EV: 16),16:41.7,D
Michigan (EV: 16),44:56.1,D
Michigan (EV: 16),43:52.9,D
Michigan (EV: 16),24:05.7,D
Michigan (EV: 16),15:43.8,D
Michigan (EV: 16),47:36.9,D
Michigan (EV: 16),57:28.8,D
Michigan (EV: 16),29:17.3,D
Michigan (EV: 16),35:36.7,D
Michigan (EV: 16),46:55.4,D
Michigan (EV: 16),41:10.9,D
Michigan (EV: 16),44:49.8,D
Michigan (EV: 16),16:49.3,D
Michigan (EV: 16),41:34.1,D
Michigan (EV: 16),41:50.9,D
Michigan (EV: 16),56:30.9,D
Michigan (EV: 16),40:10.8,D
Michigan (EV: 16),28:27.9,D
Michigan (EV: 16),14:42.2,D
Michigan (EV: 16),33:35.0,D
Michigan (EV: 16),17:39.8,D
Michigan (EV: 16),13:03.5,D
Michigan (EV: 16),48:31.1,D
Michigan (EV: 16),40:57.3,D
Michigan (EV: 16),30:33.0,D
Michigan (EV: 16),23:27.2,D
Michigan (EV: 16),15:15.7,D
Michigan (EV: 16),57:21.5,D
Michigan (EV: 16),44:28.2,D
Michigan (EV: 16),41:18.7,D
Michigan (EV: 16),16:47.7,D
Michigan (EV: 16),04:22.0,D
Michigan (EV: 16),52:58.6,D
Michigan (EV: 16),37:07.2,D
Michigan (EV: 16),35:11.8,D
Michigan (EV: 16),32:53.8,D
Michigan (EV: 16),30:00.9,D
Michigan (EV: 16),25:02.0,D
Michigan (EV: 16),19:06.3,D
Michigan (EV: 16),12:53.5,D
Michigan (EV: 16),01:01.6,D
Michigan (EV: 16),52:05.6,D
Michigan (EV: 16),33:29.5,D
Michigan (EV: 16),25:43.0,D
Michigan (EV: 16),17:08.8,D
Michigan (EV: 16),47:51.9,D
Michigan (EV: 16),32:18.8,D
Michigan (EV: 16),23:44.0,D
Michigan (EV: 16),15:56.6,D
Michigan (EV: 16),56:36.9,R
Michigan (EV: 16),44:48.7,R
Michigan (EV: 16),28:22.1,R
Minnesota (EV: 10),50:10.3,D
Minnesota (EV: 10),34:03.1,D
Minnesota (EV: 10),04:42.9,D
Minnesota (EV: 10),53:02.7,D
Minnesota (EV: 10),42:03.8,D
Minnesota (EV: 10),36:23.9,D
Minnesota (EV: 10),28:44.0,D
Minnesota (EV: 10),51:34.7,D
Minnesota (EV: 10),19:46.3,D
Minnesota (EV: 10),16:26.9,D
Minnesota (EV: 10),07:04.6,D
Minnesota (EV: 10),54:23.6,D
Minnesota (EV: 10),09:42.0,D
Minnesota (EV: 10),23:42.3,D
Minnesota (EV: 10),42:21.7,D
Minnesota (EV: 10),51:41.5,D
Minnesota (EV: 10),49:41.3,D
Minnesota (EV: 10),54:22.4,D
Minnesota (EV: 10),46:42.8,D
Minnesota (EV: 10),30:42.1,D
Minnesota (EV: 10),21:41.8,D
Minnesota (EV: 10),14:20.7,D
Minnesota (EV: 10),59:21.6,D
Minnesota (EV: 10),41:01.1,D
Minnesota (EV: 10),33:21.7,D
Minnesota (EV: 10),19:21.9,D
Minnesota (EV: 10),53:23.1,D
Minnesota (EV: 10),29:41.6,D
Minnesota (EV: 10),13:21.9,D
Minnesota (EV: 10),41:20.6,D
Minnesota (EV: 10),33:21.8,D
Minnesota (EV: 10),41:48.1,D
Minnesota (EV: 10),29:47.9,D
Minnesota (EV: 10),52:44.4,D
Minnesota (EV: 10),37:24.9,D
Minnesota (EV: 10),29:05.4,D
Minnesota (EV: 10),21:05.7,D
Minnesota (EV: 10),09:44.6,D
Minnesota (EV: 10),54:44.3,D
Minnesota (EV: 10),46:45.0,D
Minnesota (EV: 10),30:23.5,D
Minnesota (EV: 10),00:23.6,D
Minnesota (EV: 10),51:12.8,D
Minnesota (EV: 10),44:26.5,D
Minnesota (EV: 10),33:27.2,D
Minnesota (EV: 10),21:39.5,D
Minnesota (EV: 10),48:42.1,D
Minnesota (EV: 10),11:30.8,D
Minnesota (EV: 10),25:20.4,D
Minnesota (EV: 10),23:05.1,D
Minnesota (EV: 10),05:23.5,D
Minnesota (EV: 10),52:34.2,D
Minnesota (EV: 10),44:56.1,D
Minnesota (EV: 10),25:59.1,D
Minnesota (EV: 10),14:19.9,D
Minnesota (EV: 10),56:33.9,D
Minnesota (EV: 10),48:38.0,D
Minnesota (EV: 10),30:48.1,D
Minnesota (EV: 10),16:49.3,D
Minnesota (EV: 10),59:40.5,D
Minnesota (EV: 10),43:52.9,D
Minnesota (EV: 10),34:23.9,D
Minnesota (EV: 10),52:19.5,D
Minnesota (EV: 10),45:35.8,D
Minnesota (EV: 10),35:54.4,D
Minnesota (EV: 10),25:34.8,D
Minnesota (EV: 10),17:32.2,D
Minnesota (EV: 10),43:16.4,D
Minnesota (EV: 10),26:05.6,D
Minnesota (EV: 10),13:45.5,D
Minnesota (EV: 10),07:08.3,D
Minnesota (EV: 10),50:34.4,D
Minnesota (EV: 10),43:08.4,D
Minnesota (EV: 10),32:23.5,D
Minnesota (EV: 10),24:11.9,D
Minnesota (EV: 10),14:55.5,D
Minnesota (EV: 10),03:00.5,D
Minnesota (EV: 10),54:35.4,D
Minnesota (EV: 10),30:56.7,D
Minnesota (EV: 10),22:20.4,D
Minnesota (EV: 10),14:54.2,D
Minnesota (EV: 10),51:21.7,D
Minnesota (EV: 10),08:18.1,D
Minnesota (EV: 10),30:23.0,D
Minnesota (EV: 10),22:14.3,D
Minnesota (EV: 10),11:02.2,D
Minnesota (EV: 10),59:15.5,D
Minnesota (EV: 10),51:26.3,D
Minnesota (EV: 10),40:11.6,D
Minnesota (EV: 10),34:23.3,D
Minnesota (EV: 10),27:02.9,D
Minnesota (EV: 10),24:05.7,D
Minnesota (EV: 10),15:43.8,D
Minnesota (EV: 10),32:20.7,D
Minnesota (EV: 10),21:32.8,D
Minnesota (EV: 10),16:09.1,D
Minnesota (EV: 10),13:06.4,D
Minnesota (EV: 10),45:44.3,D
Minnesota (EV: 10),04:29.2,D
Minnesota (EV: 10),35:53.7,D
Minnesota (EV: 10),10:44.3,D
Minnesota (EV: 10),07:42.2,D
Minnesota (EV: 10),53:30.6,D
Minnesota (EV: 10),45:38.0,D
Minnesota (EV: 10),29:15.4,D
Minnesota (EV: 10),21:28.2,D
Minnesota (EV: 10),01:29.8,D
Minnesota (EV: 10),53:18.8,D
Minnesota (EV: 10),45:23.9,D
Minnesota (EV: 10),29:17.3,D
Minnesota (EV: 10),21:19.0,D
Minnesota (EV: 10),13:32.3,D
Minnesota (EV: 10),05:33.4,D
Minnesota (EV: 10),40:29.0,D
Minnesota (EV: 10),32:32.0,D
Minnesota (EV: 10),34:38.1,D
Minnesota (EV: 10),24:54.8,D
Minnesota (EV: 10),43:40.6,D
Minnesota (EV: 10),08:12.6,D
Minnesota (EV: 10),12:23.0,D
Minnesota (EV: 10),49:37.9,D
Minnesota (EV: 10),39:23.4,D
Minnesota (EV: 10),30:07.9,D
Minnesota (EV: 10),20:52.5,D
Minnesota (EV: 10),12:21.9,D
Minnesota (EV: 10),01:05.8,D
Minnesota (EV: 10),55:36.6,D
Minnesota (EV: 10),39:36.2,D
Minnesota (EV: 10),29:36.7,D
Minnesota (EV: 10),22:05.6,D
Minnesota (EV: 10),49:40.1,D
Minnesota (EV: 10),39:07.2,D
Minnesota (EV: 10),33:23.7,D
Minnesota (EV: 10),24:33.4,D
Minnesota (EV: 10),59:02.5,D
Minnesota (EV: 10),41:10.9,D
Minnesota (EV: 10),44:49.8,D
Minnesota (EV: 10),16:49.3,D
Minnesota (EV: 10),01:09.7,D
Minnesota (EV: 10),49:45.3,D
Minnesota (EV: 10),24:27.3,D
Minnesota (EV: 10),14:43.5,D
Minnesota (EV: 10),01:02.9,D
Minnesota (EV: 10),52:13.2,D
Minnesota (EV: 10),44:28.0,D
Minnesota (EV: 10),31:46.2,D
Minnesota (EV: 10),19:33.1,D
Minnesota (EV: 10),12:35.5,D
Minnesota (EV: 10),01:03.8,D
Minnesota (EV: 10),50:52.4,D
Minnesota (EV: 10),21:34.2,D
Minnesota (EV: 10),12:19.9,D
Minnesota (EV: 10),00:38.2,D
Minnesota (EV: 10),53:17.6,D
Minnesota (EV: 10),40:10.8,D
Minnesota (EV: 10),10:29.2,D
Minnesota (EV: 10),03:16.4,D
Minnesota (EV: 10),52:29.4,D
Minnesota (EV: 10),33:35.0,D
Minnesota (EV: 10),13:03.5,D
Minnesota (EV: 10),56:14.3,D
Minnesota (EV: 10),30:33.0,D
Minnesota (EV: 10),23:27.2,D
Minnesota (EV: 10),15:15.7,D
Minnesota (EV: 10),57:21.5,D
Minnesota (EV: 10),41:18.7,D
Minnesota (EV: 10),16:47.7,D
Minnesota (EV: 10),41:26.6,D
Minnesota (EV: 10),19:49.0,D
Minnesota (EV: 10),01:01.6,D
Minnesota (EV: 10),52:05.6,D
Minnesota (EV: 10),31:44.9,D
Minnesota (EV: 10),21:22.3,D
Minnesota (EV: 10),17:08.8,D
Minnesota (EV: 10),28:22.1,D
Missouri (EV: 10),51:00.1,R
Missouri (EV: 10),19:20.4,R
Missouri (EV: 10),06:10.5,R
Missouri (EV: 10),51:34.7,R
Missouri (EV: 10),23:05.1,R
Missouri (EV: 10),14:19.9,R
Missouri (EV: 10),51:52.1,R
Missouri (EV: 10),25:45.2,R
Missouri (EV: 10),28:22.1,R
Mississippi (EV: 6),46:33.8,R
Mississippi (EV: 6),23:53.9,R
Mississippi (EV: 6),43:51.1,R
Mississippi (EV: 6),22:11.1,R
Mississippi (EV: 6),51:50.7,R
Mississippi (EV: 6),44:09.9,R
Mississippi (EV: 6),24:41.0,R
Mississippi (EV: 6),17:01.8,R
Mississippi (EV: 6),19:42.2,R
Mississippi (EV: 6),21:52.7,R
Mississippi (EV: 6),59:53.0,R
Mississippi (EV: 6),16:52.4,R
Mississippi (EV: 6),55:33.2,R
Mississippi (EV: 6),48:13.5,R
Mississippi (EV: 6),40:54.0,R
Mississippi (EV: 6),17:52.2,R
Mississippi (EV: 6),33:08.4,R
Mississippi (EV: 6),27:47.4,R
Mississippi (EV: 6),20:08.7,R
Mississippi (EV: 6),59:09.0,R
Mississippi (EV: 6),51:08.6,R
Mississippi (EV: 6),42:28.9,R
Mississippi (EV: 6),34:08.0,R
Mississippi (EV: 6),25:29.1,R
Mississippi (EV: 6),17:08.5,R
Mississippi (EV: 6),38:08.6,R
Mississippi (EV: 6),29:27.0,R
Mississippi (EV: 6),22:06.4,R
Mississippi (EV: 6),11:08.2,R
Mississippi (EV: 6),54:46.3,R
Mississippi (EV: 6),46:45.4,R
Mississippi (EV: 6),02:46.1,R
Mississippi (EV: 6),54:46.5,R
Mississippi (EV: 6),24:46.7,R
Mississippi (EV: 6),15:43.6,R
Mississippi (EV: 6),47:22.4,R
Mississippi (EV: 6),39:42.4,R
Mississippi (EV: 6),31:43.7,R
Mississippi (EV: 6),43:56.7,R
Mississippi (EV: 6),17:41.6,R
Mississippi (EV: 6),41:11.6,R
Mississippi (EV: 6),49:10.4,R
Mississippi (EV: 6),26:29.2,R
Mississippi (EV: 6),32:23.5,R
Mississippi (EV: 6),42:56.7,R
Mississippi (EV: 6),08:18.1,R
Mississippi (EV: 6),51:26.3,R
Mississippi (EV: 6),43:36.0,R
Mississippi (EV: 6),40:11.6,R
Mississippi (EV: 6),27:02.9,R
Mississippi (EV: 6),24:05.7,R
Mississippi (EV: 6),23:58.9,R
Mississippi (EV: 6),35:56.9,R
Mississippi (EV: 6),50:57.7,R
Mississippi (EV: 6),45:23.9,R
Mississippi (EV: 6),29:17.3,R
Mississippi (EV: 6),47:47.0,R
Mississippi (EV: 6),41:26.6,R
Mississippi (EV: 6),17:08.8,R
Mississippi (EV: 6),28:22.1,R
Montana (EV: 3),47:41.7,R
Montana (EV: 3),25:04.4,R
Montana (EV: 3),17:23.2,R
Montana (EV: 3),51:34.7,R
Montana (EV: 3),21:14.9,R
Montana (EV: 3),23:42.3,R
Montana (EV: 3),40:29.0,R
Montana (EV: 3),32:32.0,R
Montana (EV: 3),23:39.2,R
Montana (EV: 3),14:01.6,R
Montana (EV: 3),05:59.0,R
Montana (EV: 3),44:49.8,R
Montana (EV: 3),16:49.3,R
Montana (EV: 3),01:09.7,R
Montana (EV: 3),57:33.6,R
Montana (EV: 3),49:45.3,R
Montana (EV: 3),41:34.1,R
Montana (EV: 3),40:57.3,R
Montana (EV: 3),17:08.8,R
Montana (EV: 3),28:22.1,R
North Carolina (EV: 15),18:04.2,R
North Carolina (EV: 15),22:19.1,R
North Carolina (EV: 15),16:59.4,R
North Carolina (EV: 15),34:32.4,R
North Carolina (EV: 15),26:34.6,R
North Carolina (EV: 15),36:09.4,R
North Carolina (EV: 15),25:09.5,R
North Carolina (EV: 15),50:30.0,R
North Carolina (EV: 15),42:49.6,R
North Carolina (EV: 15),33:28.5,R
North Carolina (EV: 15),25:49.7,R
North Carolina (EV: 15),16:28.2,R
North Carolina (EV: 15),09:56.8,R
North Carolina (EV: 15),17:17.5,R
North Carolina (EV: 15),13:58.2,R
North Carolina (EV: 15),51:38.6,R
North Carolina (EV: 15),22:52.2,R
North Carolina (EV: 15),16:31.6,R
North Carolina (EV: 15),53:30.9,R
North Carolina (EV: 15),48:31.3,R
North Carolina (EV: 15),39:12.4,R
North Carolina (EV: 15),32:32.8,R
North Carolina (EV: 15),58:12.6,R
North Carolina (EV: 15),51:11.5,R
North Carolina (EV: 15),42:51.7,R
North Carolina (EV: 15),28:30.8,R
North Carolina (EV: 15),36:10.3,R
North Carolina (EV: 15),50:31.1,R
North Carolina (EV: 15),18:10.3,R
North Carolina (EV: 15),53:09.6,R
North Carolina (EV: 15),44:09.4,R
North Carolina (EV: 15),07:47.2,R
North Carolina (EV: 15),22:08.0,R
North Carolina (EV: 15),00:45.5,R
North Carolina (EV: 15),49:46.6,R
North Carolina (EV: 15),21:23.4,R
North Carolina (EV: 15),13:22.8,R
North Carolina (EV: 15),27:43.9,R
North Carolina (EV: 15),20:02.9,R
North Carolina (EV: 15),10:03.8,R
North Carolina (EV: 15),47:02.3,R
North Carolina (EV: 15),51:34.7,R
North Carolina (EV: 15),40:44.5,R
North Carolina (EV: 15),25:04.6,R
North Carolina (EV: 15),17:23.5,R
North Carolina (EV: 15),23:42.3,R
North Carolina (EV: 15),37:24.9,R
North Carolina (EV: 15),37:15.6,R
North Carolina (EV: 15),51:44.9,R
North Carolina (EV: 15),05:23.5,R
North Carolina (EV: 15),52:34.2,R
North Carolina (EV: 15),19:13.9,R
North Carolina (EV: 15),17:21.1,R
North Carolina (EV: 15),57:36.3,R
North Carolina (EV: 15),49:24.6,R
North Carolina (EV: 15),36:31.6,R
North Carolina (EV: 15),40:56.2,R
North Carolina (EV: 15),43:16.4,R
North Carolina (EV: 15),26:05.6,R
North Carolina (EV: 15),07:08.3,R
North Carolina (EV: 15),06:01.6,R
North Carolina (EV: 15),03:08.9,R
North Carolina (EV: 15),46:27.4,R
North Carolina (EV: 15),41:50.9,R
North Carolina (EV: 15),28:22.1,R
North Dakota (EV: 3),18:53.8,R
North Dakota (EV: 3),45:32.9,R
North Dakota (EV: 3),39:04.5,R
North Dakota (EV: 3),58:05.0,R
North Dakota (EV: 3),23:42.3,R
North Dakota (EV: 3),51:44.9,R
North Dakota (EV: 3),36:23.2,R
North Dakota (EV: 3),27:23.2,R
North Dakota (EV: 3),25:20.4,R
North Dakota (EV: 3),16:41.7,R
North Dakota (EV: 3),32:18.1,R
North Dakota (EV: 3),23:05.1,R
North Dakota (EV: 3),05:23.5,R
North Dakota (EV: 3),35:44.3,R
North Dakota (EV: 3),25:59.1,R
North Dakota (EV: 3),15:22.4,R
North Dakota (EV: 3),51:25.2,R
North Dakota (EV: 3),43:31.6,R
North Dakota (EV: 3),35:01.6,R
North Dakota (EV: 3),27:00.3,R
North Dakota (EV: 3),19:13.9,R
North Dakota (EV: 3),06:52.5,R
North Dakota (EV: 3),51:28.4,R
North Dakota (EV: 3),30:10.0,R
North Dakota (EV: 3),21:49.8,R
North Dakota (EV: 3),14:19.9,R
North Dakota (EV: 3),56:33.9,R
North Dakota (EV: 3),40:02.0,R
North Dakota (EV: 3),16:49.3,R
North Dakota (EV: 3),59:40.5,R
North Dakota (EV: 3),51:36.0,R
North Dakota (EV: 3),43:52.9,R
North Dakota (EV: 3),24:48.7,R
North Dakota (EV: 3),17:21.1,R
North Dakota (EV: 3),53:08.1,R
North Dakota (EV: 3),41:11.6,R
North Dakota (EV: 3),28:22.1,R
Nebraska (EV: 5),19:02.0,R
Nebraska (EV: 5),39:04.5,R
Nebraska (EV: 5),41:46.1,R
Nebraska (EV: 5),30:24.5,R
Nebraska (EV: 5),51:34.7,R
Nebraska (EV: 5),23:42.3,R
Nebraska (EV: 5),16:41.7,R
Nebraska (EV: 5),35:44.3,R
Nebraska (EV: 5),49:30.7,R
Nebraska (EV: 5),50:26.4,R
Nebraska (EV: 5),47:07.2,R
Nebraska (EV: 5),06:00.5,R
Nebraska (EV: 5),11:34.8,R
Nebraska (EV: 5),16:26.7,R
Nebraska (EV: 5),40:57.3,R
Nebraska (EV: 5),33:32.8,R
Nebraska (EV: 5),16:47.7,R
Nebraska (EV: 5),28:22.1,R
New Hampshire (EV: 4),43:32.7,D
New Hampshire (EV: 4),35:12.8,D
New Hampshire (EV: 4),17:01.5,D
New Hampshire (EV: 4),07:20.2,D
New Hampshire (EV: 4),16:49.3,D
New Hampshire (EV: 4),16:34.6,D
New Hampshire (EV: 4),07:08.3,D
New Hampshire (EV: 4),30:56.7,D
New Hampshire (EV: 4),14:54.2,D
New Hampshire (EV: 4),06:01.6,D
New Hampshire (EV: 4),58:52.0,D
New Hampshire (EV: 4),42:56.7,D
New Hampshire (EV: 4),27:02.9,D
New Hampshire (EV: 4),27:32.4,D
New Hampshire (EV: 4),55:18.4,D
New Hampshire (EV: 4),22:05.6,D
New Hampshire (EV: 4),57:56.0,D
New Hampshire (EV: 4),53:39.6,D
New Hampshire (EV: 4),46:55.4,D
New Hampshire (EV: 4),33:23.7,D
New Hampshire (EV: 4),11:54.1,D
New Hampshire (EV: 4),53:07.1,D
New Hampshire (EV: 4),47:23.7,D
New Hampshire (EV: 4),43:35.1,D
New Hampshire (EV: 4),35:04.1,D
New Hampshire (EV: 4),26:44.7,D
New Hampshire (EV: 4),59:02.5,D
New Hampshire (EV: 4),43:11.2,D
New Hampshire (EV: 4),41:10.9,D
New Hampshire (EV: 4),32:25.0,D
New Hampshire (EV: 4),28:06.8,D
New Hampshire (EV: 4),24:21.8,D
New Hampshire (EV: 4),21:51.2,D
New Hampshire (EV: 4),16:26.7,D
New Hampshire (EV: 4),00:02.1,D
New Hampshire (EV: 4),16:49.3,D
New Hampshire (EV: 4),41:34.1,D
New Hampshire (EV: 4),28:05.0,D
New Hampshire (EV: 4),24:27.3,D
New Hampshire (EV: 4),01:02.9,D
New Hampshire (EV: 4),54:58.8,D
New Hampshire (EV: 4),52:13.2,D
New Hampshire (EV: 4),44:28.0,D
New Hampshire (EV: 4),36:06.5,D
New Hampshire (EV: 4),31:46.2,D
New Hampshire (EV: 4),28:41.5,D
New Hampshire (EV: 4),27:15.9,D
New Hampshire (EV: 4),21:41.5,D
New Hampshire (EV: 4),19:33.1,D
New Hampshire (EV: 4),07:05.6,D
New Hampshire (EV: 4),04:57.1,D
New Hampshire (EV: 4),01:03.8,D
New Hampshire (EV: 4),55:46.3,D
New Hampshire (EV: 4),54:32.2,D
New Hampshire (EV: 4),50:52.4,D
New Hampshire (EV: 4),41:50.9,D
New Hampshire (EV: 4),29:17.6,D
New Hampshire (EV: 4),15:15.7,D
New Hampshire (EV: 4),57:21.5,D
New Hampshire (EV: 4),41:18.7,D
New Hampshire (EV: 4),33:32.8,D
New Hampshire (EV: 4),24:40.8,D
New Hampshire (EV: 4),32:53.8,D
New Hampshire (EV: 4),30:00.9,D
New Hampshire (EV: 4),28:22.1,D
New Jersey (EV: 14),24:52.9,D
New Jersey (EV: 14),29:42.6,D
New Jersey (EV: 14),19:41.6,D
New Jersey (EV: 14),00:19.1,D
New Jersey (EV: 14),45:19.2,D
New Jersey (EV: 14),21:01.3,D
New Jersey (EV: 14),44:02.5,D
New Jersey (EV: 14),25:42.5,D
New Jersey (EV: 14),30:41.6,D
New Jersey (EV: 14),19:20.4,D
New Jersey (EV: 14),43:51.1,D
New Jersey (EV: 14),30:13.5,D
New Jersey (EV: 14),22:11.1,D
New Jersey (EV: 14),45:52.3,D
New Jersey (EV: 14),44:09.8,D
New Jersey (EV: 14),50:10.0,D
New Jersey (EV: 14),14:30.0,D
New Jersey (EV: 14),29:12.3,D
New Jersey (EV: 14),07:39.8,D
New Jersey (EV: 14),17:19.9,D
New Jersey (EV: 14),26:58.4,D
New Jersey (EV: 14),32:18.4,D
New Jersey (EV: 14),22:19.1,D
New Jersey (EV: 14),16:59.4,D
New Jersey (EV: 14),04:43.5,D
New Jersey (EV: 14),46:03.5,D
New Jersey (EV: 14),06:19.3,D
New Jersey (EV: 14),43:34.1,D
New Jersey (EV: 14),50:53.2,D
New Jersey (EV: 14),57:32.1,D
New Jersey (EV: 14),53:12.4,D
New Jersey (EV: 14),27:53.2,D
New Jersey (EV: 14),16:11.9,D
New Jersey (EV: 14),03:33.8,D
New Jersey (EV: 14),52:53.1,D
New Jersey (EV: 14),09:50.5,D
New Jersey (EV: 14),11:08.2,D
New Jersey (EV: 14),39:04.5,D
New Jersey (EV: 14),59:45.6,D
New Jersey (EV: 14),52:23.8,D
New Jersey (EV: 14),45:05.2,D
New Jersey (EV: 14),36:46.0,D
New Jersey (EV: 14),11:42.3,D
New Jersey (EV: 14),39:42.4,D
New Jersey (EV: 14),00:17.5,D
New Jersey (EV: 14),09:56.8,D
New Jersey (EV: 14),58:29.5,D
New Jersey (EV: 14),29:48.5,D
New Jersey (EV: 14),49:46.6,D
New Jersey (EV: 14),15:04.2,D
New Jersey (EV: 14),51:04.0,D
New Jersey (EV: 14),15:45.2,D
New Jersey (EV: 14),51:22.4,D
New Jersey (EV: 14),43:05.5,D
New Jersey (EV: 14),17:23.2,D
New Jersey (EV: 14),51:34.7,D
New Jersey (EV: 14),49:33.6,D
New Jersey (EV: 14),24:54.5,D
New Jersey (EV: 14),17:23.5,D
New Jersey (EV: 14),07:04.6,D
New Jersey (EV: 14),54:23.6,D
New Jersey (EV: 14),45:23.2,D
New Jersey (EV: 14),21:24.0,D
New Jersey (EV: 14),11:04.6,D
New Jersey (EV: 14),52:01.7,D
New Jersey (EV: 14),23:42.3,D
New Jersey (EV: 14),44:40.7,D
New Jersey (EV: 14),13:21.9,D
New Jersey (EV: 14),33:21.8,D
New Jersey (EV: 14),54:44.3,D
New Jersey (EV: 14),46:45.0,D
New Jersey (EV: 14),38:44.3,D
New Jersey (EV: 14),30:23.5,D
New Jersey (EV: 14),07:20.6,D
New Jersey (EV: 14),37:34.4,D
New Jersey (EV: 14),51:18.1,D
New Jersey (EV: 14),52:34.2,D
New Jersey (EV: 14),44:56.1,D
New Jersey (EV: 14),35:44.3,D
New Jersey (EV: 14),25:59.1,D
New Jersey (EV: 14),51:25.2,D
New Jersey (EV: 14),06:52.5,D
New Jersey (EV: 14),53:08.1,D
New Jersey (EV: 14),41:11.6,D
New Jersey (EV: 14),49:10.4,D
New Jersey (EV: 14),51:55.8,D
New Jersey (EV: 14),03:10.6,D
New Jersey (EV: 14),21:41.6,D
New Jersey (EV: 14),35:03.9,D
New Jersey (EV: 14),35:19.0,D
New Jersey (EV: 14),38:05.0,D
New Jersey (EV: 14),20:39.6,D
New Jersey (EV: 14),17:32.2,D
New Jersey (EV: 14),16:30.6,D
New Jersey (EV: 14),07:12.2,D
New Jersey (EV: 14),48:05.2,D
New Jersey (EV: 14),17:41.8,D
New Jersey (EV: 14),58:27.6,D
New Jersey (EV: 14),43:16.4,D
New Jersey (EV: 14),58:16.5,D
New Jersey (EV: 14),07:08.3,D
New Jersey (EV: 14),32:23.5,D
New Jersey (EV: 14),17:51.6,D
New Jersey (EV: 14),08:18.1,D
New Jersey (EV: 14),53:53.3,D
New Jersey (EV: 14),11:02.2,D
New Jersey (EV: 14),59:15.5,D
New Jersey (EV: 14),51:26.3,D
New Jersey (EV: 14),43:36.0,D
New Jersey (EV: 14),34:23.3,D
New Jersey (EV: 14),24:05.7,D
New Jersey (EV: 14),58:02.1,D
New Jersey (EV: 14),52:39.1,D
New Jersey (EV: 14),45:44.3,D
New Jersey (EV: 14),52:37.6,D
New Jersey (EV: 14),32:22.9,D
New Jersey (EV: 14),58:12.2,D
New Jersey (EV: 14),45:38.0,D
New Jersey (EV: 14),01:29.8,D
New Jersey (EV: 14),53:18.8,D
New Jersey (EV: 14),45:23.9,D
New Jersey (EV: 14),37:23.8,D
New Jersey (EV: 14),21:19.0,D
New Jersey (EV: 14),05:33.4,D
New Jersey (EV: 14),23:39.2,D
New Jersey (EV: 14),14:01.6,D
New Jersey (EV: 14),01:34.9,D
New Jersey (EV: 14),49:33.7,D
New Jersey (EV: 14),45:41.2,D
New Jersey (EV: 14),29:35.2,D
New Jersey (EV: 14),55:36.6,D
New Jersey (EV: 14),16:26.7,D
New Jersey (EV: 14),00:02.1,D
New Jersey (EV: 14),53:17.6,D
New Jersey (EV: 14),32:34.9,D
New Jersey (EV: 14),13:03.5,D
New Jersey (EV: 14),37:07.2,D
New Jersey (EV: 14),28:22.1,D
New Mexico (EV: 5),15:50.3,D
New Mexico (EV: 5),14:21.5,D
New Mexico (EV: 5),06:34.0,D
New Mexico (EV: 5),07:09.7,D
New Mexico (EV: 5),38:08.6,D
New Mexico (EV: 5),08:43.4,D
New Mexico (EV: 5),07:47.2,D
New Mexico (EV: 5),19:23.0,D
New Mexico (EV: 5),23:42.3,D
New Mexico (EV: 5),17:41.6,D
New Mexico (EV: 5),18:36.3,D
New Mexico (EV: 5),21:07.1,D
New Mexico (EV: 5),02:37.7,D
New Mexico (EV: 5),51:21.7,D
New Mexico (EV: 5),07:55.2,D
New Mexico (EV: 5),28:06.8,D
New Mexico (EV: 5),55:33.0,D
New Mexico (EV: 5),47:47.0,D
New Mexico (EV: 5),44:32.5,D
New Mexico (EV: 5),28:22.1,D
Nevada (EV: 6),14:27.5,D
Nevada (EV: 6),39:04.5,D
Nevada (EV: 6),14:45.6,D
Nevada (EV: 6),13:23.4,D
Nevada (EV: 6),30:24.5,D
Nevada (EV: 6),55:25.5,D
Nevada (EV: 6),14:37.6,D
Nevada (EV: 6),32:32.8,D
Nevada (EV: 6),24:32.4,D
Nevada (EV: 6),15:33.6,D
Nevada (EV: 6),10:03.8,D
Nevada (EV: 6),17:23.5,D
Nevada (EV: 6),07:04.6,D
Nevada (EV: 6),23:42.3,D
Nevada (EV: 6),53:23.1,D
Nevada (EV: 6),13:34.0,D
Nevada (EV: 6),17:21.1,D
Nevada (EV: 6),31:25.5,D
Nevada (EV: 6),15:50.7,D
Nevada (EV: 6),01:07.8,D
Nevada (EV: 6),23:29.6,D
Nevada (EV: 6),14:33.4,D
Nevada (EV: 6),26:05.6,D
Nevada (EV: 6),08:50.5,D
Nevada (EV: 6),53:42.8,D
Nevada (EV: 6),05:29.3,D
Nevada (EV: 6),01:43.0,D
Nevada (EV: 6),58:02.1,D
Nevada (EV: 6),49:49.5,D
Nevada (EV: 6),32:19.1,D
Nevada (EV: 6),24:54.8,D
Nevada (EV: 6),03:08.9,D
Nevada (EV: 6),32:18.1,D
Nevada (EV: 6),21:28.6,D
Nevada (EV: 6),16:26.9,D
Nevada (EV: 6),12:52.8,D
Nevada (EV: 6),09:07.2,D
Nevada (EV: 6),28:22.1,D
New York (EV: 29),57:11.5,D
New York (EV: 29),19:32.3,D
New York (EV: 29),29:42.6,D
New York (EV: 29),15:11.8,D
New York (EV: 29),19:20.4,D
New York (EV: 29),49:03.4,D
New York (EV: 29),41:23.1,D
New York (EV: 29),55:55.4,D
New York (EV: 29),26:33.1,D
New York (EV: 29),37:10.2,D
New York (EV: 29),04:32.4,D
New York (EV: 29),44:09.8,D
New York (EV: 29),19:11.4,D
New York (EV: 29),35:54.6,D
New York (EV: 29),25:33.8,D
New York (EV: 29),18:14.2,D
New York (EV: 29),53:14.5,D
New York (EV: 29),26:51.8,D
New York (EV: 29),16:13.1,D
New York (EV: 29),54:32.2,D
New York (EV: 29),24:47.2,D
New York (EV: 29),37:21.3,D
New York (EV: 29),28:22.1,D
New York (EV: 29),04:13.4,D
New York (EV: 29),55:32.9,D
New York (EV: 29),15:12.1,D
New York (EV: 29),00:54.3,D
New York (EV: 29),38:08.6,D
New York (EV: 29),22:06.4,D
New York (EV: 29),25:08.0,D
New York (EV: 29),31:43.7,D
New York (EV: 29),14:37.6,D
New York (EV: 29),00:17.5,D
New York (EV: 29),15:30.3,D
New York (EV: 29),36:11.8,D
New York (EV: 29),22:08.0,D
New York (EV: 29),34:03.1,D
New York (EV: 29),53:02.7,D
New York (EV: 29),23:42.3,D
New York (EV: 29),52:44.4,D
New York (EV: 29),44:56.1,D
New York (EV: 29),27:00.3,D
New York (EV: 29),17:21.1,D
New York (EV: 29),18:40.0,D
New York (EV: 29),46:44.5,D
New York (EV: 29),42:56.7,D
New York (EV: 29),30:39.2,D
New York (EV: 29),40:29.0,D
New York (EV: 29),21:26.9,D
New York (EV: 29),12:37.0,D
New York (EV: 29),11:30.5,D
New York (EV: 29),36:33.9,D
New York (EV: 29),44:28.0,D
New York (EV: 29),06:39.3,D
New York (EV: 29),13:03.5,D
New York (EV: 29),17:08.8,D
New York (EV: 29),28:22.1,D
Ohio (EV: 18),35:12.1,R
Ohio (EV: 18),26:14.0,R
Ohio (EV: 18),16:31.8,R
Ohio (EV: 18),57:51.4,R
Ohio (EV: 18),57:22.4,R
Ohio (EV: 18),49:03.4,R
Ohio (EV: 18),41:23.1,R
Ohio (EV: 18),33:40.3,R
Ohio (EV: 18),24:02.3,R
Ohio (EV: 18),14:01.4,R
Ohio (EV: 18),55:55.4,R
Ohio (EV: 18),26:33.1,R
Ohio (EV: 18),55:32.2,R
Ohio (EV: 18),37:10.2,R
Ohio (EV: 18),50:10.0,R
Ohio (EV: 18),25:28.1,R
Ohio (EV: 18),19:11.4,R
Ohio (EV: 18),58:09.0,R
Ohio (EV: 18),52:29.0,R
Ohio (EV: 18),41:48.5,R
Ohio (EV: 18),35:50.5,R
Ohio (EV: 18),28:09.7,R
Ohio (EV: 18),18:29.3,R
Ohio (EV: 18),14:30.0,R
Ohio (EV: 18),49:42.9,R
Ohio (EV: 18),41:42.4,R
Ohio (EV: 18),33:43.3,R
Ohio (EV: 18),24:41.0,R
Ohio (EV: 18),17:20.7,R
Ohio (EV: 18),05:01.5,R
Ohio (EV: 18),53:56.5,R
Ohio (EV: 18),51:34.7,R
Ohio (EV: 18),27:00.3,R
Ohio (EV: 18),32:33.8,R
Ohio (EV: 18),28:22.1,R
Oklahoma (EV: 7),14:54.8,R
Oklahoma (EV: 7),59:35.7,R
Oklahoma (EV: 7),23:42.3,R
Oklahoma (EV: 7),43:16.4,R
Oklahoma (EV: 7),28:22.1,R
Oregon (EV: 7),13:12.3,D
Oregon (EV: 7),21:42.2,D
Oregon (EV: 7),15:11.8,D
Oregon (EV: 7),25:42.5,D
Oregon (EV: 7),18:42.5,D
Oregon (EV: 7),14:01.4,D
Oregon (EV: 7),55:55.4,D
Oregon (EV: 7),15:50.3,D
Oregon (EV: 7),16:42.6,D
Oregon (EV: 7),14:21.5,D
Oregon (EV: 7),06:34.0,D
Oregon (EV: 7),08:28.0,D
Oregon (EV: 7),08:43.4,D
Oregon (EV: 7),07:47.2,D
Oregon (EV: 7),07:44.3,D
Oregon (EV: 7),17:41.6,D
Oregon (EV: 7),07:20.2,D
Oregon (EV: 7),07:12.2,D
Oregon (EV: 7),08:18.1,D
Oregon (EV: 7),07:55.2,D
Oregon (EV: 7),02:15.9,D
Oregon (EV: 7),03:34.9,D
Oregon (EV: 7),47:47.0,D
Oregon (EV: 7),32:53.8,D
Oregon (EV: 7),47:51.9,D
Oregon (EV: 7),28:22.1,D
Pennsylvania (EV: 20),26:14.0,D
Pennsylvania (EV: 20),16:31.8,D
Pennsylvania (EV: 20),13:12.3,D
Pennsylvania (EV: 20),28:58.5,D
Pennsylvania (EV: 20),39:19.1,D
Pennsylvania (EV: 20),21:01.3,D
Pennsylvania (EV: 20),00:41.8,D
Pennsylvania (EV: 20),21:01.9,D
Pennsylvania (EV: 20),59:24.0,D
Pennsylvania (EV: 20),44:02.5,D
Pennsylvania (EV: 20),25:42.5,D
Pennsylvania (EV: 20),16:42.7,D
Pennsylvania (EV: 20),57:41.7,D
Pennsylvania (EV: 20),22:43.0,D
Pennsylvania (EV: 20),18:42.5,D
Pennsylvania (EV: 20),39:42.2,D
Pennsylvania (EV: 20),30:41.6,D
Pennsylvania (EV: 20),19:20.4,D
Pennsylvania (EV: 20),37:10.2,D
Pennsylvania (EV: 20),22:30.9,D
Pennsylvania (EV: 20),23:28.5,D
Pennsylvania (EV: 20),14:30.0,D
Pennsylvania (EV: 20),16:42.6,D
Pennsylvania (EV: 20),53:14.5,D
Pennsylvania (EV: 20),33:09.8,D
Pennsylvania (EV: 20),16:13.1,D
Pennsylvania (EV: 20),42:29.8,D
Pennsylvania (EV: 20),33:49.8,D
Pennsylvania (EV: 20),14:21.5,D
Pennsylvania (EV: 20),55:38.8,D
Pennsylvania (EV: 20),46:37.2,D
Pennsylvania (EV: 20),12:38.5,D
Pennsylvania (EV: 20),40:39.0,D
Pennsylvania (EV: 20),04:43.5,D
Pennsylvania (EV: 20),46:03.5,D
Pennsylvania (EV: 20),57:21.0,D
Pennsylvania (EV: 20),24:22.9,D
Pennsylvania (EV: 20),15:19.0,D
Pennsylvania (EV: 20),35:33.1,D
Pennsylvania (EV: 20),15:54.5,D
Pennsylvania (EV: 20),16:52.4,D
Pennsylvania (EV: 20),16:11.9,D
Pennsylvania (EV: 20),52:53.1,D
Pennsylvania (EV: 20),43:29.7,D
Pennsylvania (EV: 20),50:30.0,D
Pennsylvania (EV: 20),25:49.7,D
Pennsylvania (EV: 20),11:08.2,D
Pennsylvania (EV: 20),54:46.3,D
Pennsylvania (EV: 20),30:26.4,D
Pennsylvania (EV: 20),39:04.5,D
Pennsylvania (EV: 20),08:43.4,D
Pennsylvania (EV: 20),55:43.6,D
Pennsylvania (EV: 20),39:42.4,D
Pennsylvania (EV: 20),14:37.6,D
Pennsylvania (EV: 20),00:17.5,D
Pennsylvania (EV: 20),51:57.7,D
Pennsylvania (EV: 20),20:19.5,D
Pennsylvania (EV: 20),13:58.2,D
Pennsylvania (EV: 20),51:38.6,D
Pennsylvania (EV: 20),16:31.6,D
Pennsylvania (EV: 20),52:12.4,D
Pennsylvania (EV: 20),33:51.2,D
Pennsylvania (EV: 20),29:48.5,D
Pennsylvania (EV: 20),23:05.1,D
Pennsylvania (EV: 20),39:23.1,D
Pennsylvania (EV: 20),58:05.0,D
Pennsylvania (EV: 20),35:05.3,D
Pennsylvania (EV: 20),25:23.0,D
Pennsylvania (EV: 20),15:45.2,D
Pennsylvania (EV: 20),38:22.4,D
Pennsylvania (EV: 20),21:42.6,D
Pennsylvania (EV: 20),11:43.0,D
Pennsylvania (EV: 20),20:02.9,D
Pennsylvania (EV: 20),53:02.7,D
Pennsylvania (EV: 20),42:03.8,D
Pennsylvania (EV: 20),36:23.9,D
Pennsylvania (EV: 20),51:03.7,D
Pennsylvania (EV: 20),40:04.7,D
Pennsylvania (EV: 20),35:43.3,D
Pennsylvania (EV: 20),27:23.9,D
Pennsylvania (EV: 20),19:23.0,D
Pennsylvania (EV: 20),14:54.8,D
Pennsylvania (EV: 20),51:34.7,D
Pennsylvania (EV: 20),52:35.1,D
Pennsylvania (EV: 20),24:54.5,D
Pennsylvania (EV: 20),50:06.7,D
Pennsylvania (EV: 20),45:23.2,D
Pennsylvania (EV: 20),59:03.5,D
Pennsylvania (EV: 20),46:23.4,D
Pennsylvania (EV: 20),23:42.3,D
Pennsylvania (EV: 20),15:21.0,D
Pennsylvania (EV: 20),46:42.8,D
Pennsylvania (EV: 20),38:41.4,D
Pennsylvania (EV: 20),14:20.7,D
Pennsylvania (EV: 20),59:21.6,D
Pennsylvania (EV: 20),33:21.7,D
Pennsylvania (EV: 20),19:21.9,D
Pennsylvania (EV: 20),53:23.1,D
Pennsylvania (EV: 20),29:41.6,D
Pennsylvania (EV: 20),21:41.1,D
Pennsylvania (EV: 20),56:40.9,D
Pennsylvania (EV: 20),49:21.0,D
Pennsylvania (EV: 20),41:20.6,D
Pennsylvania (EV: 20),25:01.5,D
Pennsylvania (EV: 20),17:01.5,D
Pennsylvania (EV: 20),41:48.1,D
Pennsylvania (EV: 20),29:47.9,D
Pennsylvania (EV: 20),44:24.6,D
Pennsylvania (EV: 20),37:24.9,D
Pennsylvania (EV: 20),21:05.7,D
Pennsylvania (EV: 20),30:23.5,D
Pennsylvania (EV: 20),22:24.1,D
Pennsylvania (EV: 20),18:36.3,D
Pennsylvania (EV: 20),37:15.6,D
Pennsylvania (EV: 20),36:23.2,D
Pennsylvania (EV: 20),23:05.1,D
Pennsylvania (EV: 20),35:44.3,D
Pennsylvania (EV: 20),00:14.7,D
Pennsylvania (EV: 20),19:13.9,D
Pennsylvania (EV: 20),30:10.0,D
Pennsylvania (EV: 20),56:33.9,D
Pennsylvania (EV: 20),40:02.0,D
Pennsylvania (EV: 20),30:48.1,D
Pennsylvania (EV: 20),17:21.1,D
Pennsylvania (EV: 20),41:11.6,D
Pennsylvania (EV: 20),57:34.3,D
Pennsylvania (EV: 20),44:06.9,D
Pennsylvania (EV: 20),09:27.8,D
Pennsylvania (EV: 20),12:23.8,D
Pennsylvania (EV: 20),06:53.8,D
Pennsylvania (EV: 20),37:04.6,D
Pennsylvania (EV: 20),26:56.1,D
Pennsylvania (EV: 20),18:22.7,D
Pennsylvania (EV: 20),15:18.2,D
Pennsylvania (EV: 20),00:52.2,D
Pennsylvania (EV: 20),23:49.6,D
Pennsylvania (EV: 20),42:02.9,D
Pennsylvania (EV: 20),22:42.0,D
Pennsylvania (EV: 20),42:51.2,D
Pennsylvania (EV: 20),41:32.0,D
Pennsylvania (EV: 20),47:07.7,D
Pennsylvania (EV: 20),05:24.7,D
Pennsylvania (EV: 20),11:30.5,D
Pennsylvania (EV: 20),49:59.2,D
Pennsylvania (EV: 20),43:16.5,D
Pennsylvania (EV: 20),26:05.6,D
Pennsylvania (EV: 20),35:03.6,D
Pennsylvania (EV: 20),24:11.9,D
Pennsylvania (EV: 20),14:55.5,D
Pennsylvania (EV: 20),03:00.5,D
Pennsylvania (EV: 20),39:06.9,D
Pennsylvania (EV: 20),30:56.7,D
Pennsylvania (EV: 20),22:20.4,D
Pennsylvania (EV: 20),14:54.2,D
Pennsylvania (EV: 20),06:01.6,D
Pennsylvania (EV: 20),58:52.0,D
Pennsylvania (EV: 20),51:21.7,D
Pennsylvania (EV: 20),30:39.2,D
Pennsylvania (EV: 20),17:51.6,D
Pennsylvania (EV: 20),22:14.3,D
Pennsylvania (EV: 20),13:48.4,D
Pennsylvania (EV: 20),11:02.2,D
Pennsylvania (EV: 20),59:15.5,D
Pennsylvania (EV: 20),40:11.6,D
Pennsylvania (EV: 20),24:05.7,D
Pennsylvania (EV: 20),53:42.8,D
Pennsylvania (EV: 20),05:29.3,D
Pennsylvania (EV: 20),41:58.0,D
Pennsylvania (EV: 20),15:24.1,D
Pennsylvania (EV: 20),03:11.4,D
Pennsylvania (EV: 20),27:32.4,D
Pennsylvania (EV: 20),23:29.4,D
Pennsylvania (EV: 20),11:34.8,D
Pennsylvania (EV: 20),58:41.8,D
Pennsylvania (EV: 20),55:24.7,D
Pennsylvania (EV: 20),52:37.6,D
Pennsylvania (EV: 20),48:04.7,R
Pennsylvania (EV: 20),23:27.0,R
Pennsylvania (EV: 20),30:57.9,R
Pennsylvania (EV: 20),05:06.0,R
Pennsylvania (EV: 20),59:00.7,R
Pennsylvania (EV: 20),51:40.7,R
Pennsylvania (EV: 20),29:30.3,R
Pennsylvania (EV: 20),45:43.8,R
Pennsylvania (EV: 20),33:20.4,R
Pennsylvania (EV: 20),16:43.5,R
Pennsylvania (EV: 20),37:26.7,R
Pennsylvania (EV: 20),07:55.2,R
Pennsylvania (EV: 20),52:07.8,R
Pennsylvania (EV: 20),33:56.0,R
Pennsylvania (EV: 20),26:00.0,R
Pennsylvania (EV: 20),22:40.3,R
Pennsylvania (EV: 20),55:18.4,R
Pennsylvania (EV: 20),35:53.7,R
Pennsylvania (EV: 20),11:13.1,R
Pennsylvania (EV: 20),59:07.4,R
Pennsylvania (EV: 20),51:41.2,R
Pennsylvania (EV: 20),30:04.9,R
Pennsylvania (EV: 20),25:57.7,R
Pennsylvania (EV: 20),53:30.6,R
Pennsylvania (EV: 20),45:38.0,R
Pennsylvania (EV: 20),15:13.6,R
Pennsylvania (EV: 20),53:18.8,R
Pennsylvania (EV: 20),45:23.9,R
Pennsylvania (EV: 20),29:17.3,R
Pennsylvania (EV: 20),21:19.0,R
Pennsylvania (EV: 20),05:33.4,R
Pennsylvania (EV: 20),48:22.3,R
Pennsylvania (EV: 20),40:29.0,R
Pennsylvania (EV: 20),15:29.0,R
Pennsylvania (EV: 20),01:34.9,R
Pennsylvania (EV: 20),37:18.7,R
Pennsylvania (EV: 20),32:33.2,R
Pennsylvania (EV: 20),12:37.0,R
Pennsylvania (EV: 20),24:54.8,R
Pennsylvania (EV: 20),15:33.3,R
Pennsylvania (EV: 20),21:28.6,R
Pennsylvania (EV: 20),02:19.5,R
Pennsylvania (EV: 20),59:05.8,R
Pennsylvania (EV: 20),49:58.4,R
Pennsylvania (EV: 20),43:40.6,R
Pennsylvania (EV: 20),08:12.6,R
Pennsylvania (EV: 20),26:47.0,R
Pennsylvania (EV: 20),12:31.8,R
Pennsylvania (EV: 20),36:33.9,R
Pennsylvania (EV: 20),10:28.1,R
Pennsylvania (EV: 20),22:05.6,R
Pennsylvania (EV: 20),57:56.0,R
Pennsylvania (EV: 20),53:39.6,R
Pennsylvania (EV: 20),16:30.1,R
Pennsylvania (EV: 20),47:23.7,R
Pennsylvania (EV: 20),26:44.7,R
Pennsylvania (EV: 20),19:13.6,R
Pennsylvania (EV: 20),03:34.9,R
Pennsylvania (EV: 20),21:51.2,R
Pennsylvania (EV: 20),07:02.3,R
Pennsylvania (EV: 20),02:56.3,R
Pennsylvania (EV: 20),55:33.0,R
Pennsylvania (EV: 20),44:49.8,R
Pennsylvania (EV: 20),16:49.3,R
Pennsylvania (EV: 20),49:45.3,R
Pennsylvania (EV: 20),41:34.1,R
Pennsylvania (EV: 20),28:05.0,R
Pennsylvania (EV: 20),24:27.3,R
Pennsylvania (EV: 20),16:40.3,R
Pennsylvania (EV: 20),14:43.5,R
Pennsylvania (EV: 20),01:02.9,R
Pennsylvania (EV: 20),54:27.4,R
Pennsylvania (EV: 20),44:28.0,R
Pennsylvania (EV: 20),38:48.9,R
Pennsylvania (EV: 20),21:41.5,R
Pennsylvania (EV: 20),20:14.1,R
Pennsylvania (EV: 20),19:33.1,R
Pennsylvania (EV: 20),12:35.5,R
Pennsylvania (EV: 20),07:35.0,R
Pennsylvania (EV: 20),04:57.1,R
Pennsylvania (EV: 20),45:43.1,R
Pennsylvania (EV: 20),41:50.9,R
Pennsylvania (EV: 20),29:17.6,R
Pennsylvania (EV: 20),21:34.2,R
Pennsylvania (EV: 20),04:05.7,R
Pennsylvania (EV: 20),58:39.9,R
Pennsylvania (EV: 20),53:17.6,R
Pennsylvania (EV: 20),48:16.5,R
Pennsylvania (EV: 20),37:49.6,R
Pennsylvania (EV: 20),23:38.1,R
Pennsylvania (EV: 20),14:42.2,R
Pennsylvania (EV: 20),10:29.2,R
Pennsylvania (EV: 20),06:10.4,R
Pennsylvania (EV: 20),03:16.4,R
Pennsylvania (EV: 20),47:47.0,R
Pennsylvania (EV: 20),44:32.5,R
Pennsylvania (EV: 20),33:35.0,R
Pennsylvania (EV: 20),17:39.8,R
Pennsylvania (EV: 20),13:03.5,R
Pennsylvania (EV: 20),56:14.3,R
Pennsylvania (EV: 20),40:57.3,R
Pennsylvania (EV: 20),23:27.2,R
Pennsylvania (EV: 20),15:15.7,R
Pennsylvania (EV: 20),44:28.2,R
Pennsylvania (EV: 20),41:18.7,R
Pennsylvania (EV: 20),24:40.8,R
Pennsylvania (EV: 20),16:47.7,R
Pennsylvania (EV: 20),04:22.0,R
Pennsylvania (EV: 20),52:58.6,R
Pennsylvania (EV: 20),45:02.2,R
Pennsylvania (EV: 20),41:26.6,R
Pennsylvania (EV: 20),32:53.8,R
Pennsylvania (EV: 20),25:02.0,R
Pennsylvania (EV: 20),12:53.5,R
Pennsylvania (EV: 20),03:50.7,R
Pennsylvania (EV: 20),01:30.8,R
Pennsylvania (EV: 20),52:05.6,R
Pennsylvania (EV: 20),41:34.7,R
Pennsylvania (EV: 20),25:43.0,R
Pennsylvania (EV: 20),17:08.8,R
Pennsylvania (EV: 20),56:08.7,R
Pennsylvania (EV: 20),32:18.8,R
Pennsylvania (EV: 20),23:44.0,R
Pennsylvania (EV: 20),28:22.1,R
Rhode Island (EV: 4),55:43.6,D
Rhode Island (EV: 4),51:34.7,D
Rhode Island (EV: 4),23:42.3,D
Rhode Island (EV: 4),14:20.7,D
Rhode Island (EV: 4),10:41.3,D
Rhode Island (EV: 4),54:35.4,D
Rhode Island (EV: 4),21:34.2,D
Rhode Island (EV: 4),28:22.1,D
South Carolina (EV: 9),36:23.9,R
South Carolina (EV: 9),28:44.0,R
South Carolina (EV: 9),59:24.5,R
South Carolina (EV: 9),23:42.3,R
South Carolina (EV: 9),12:43.8,R
South Carolina (EV: 9),06:52.5,R
South Carolina (EV: 9),53:08.1,R
South Carolina (EV: 9),36:14.1,R
South Carolina (EV: 9),14:33.4,R
South Carolina (EV: 9),40:56.2,R
South Carolina (EV: 9),47:09.1,R
South Carolina (EV: 9),03:00.5,R
South Carolina (EV: 9),54:35.4,R
South Carolina (EV: 9),39:06.9,R
South Carolina (EV: 9),30:56.7,R
South Carolina (EV: 9),22:20.4,R
South Carolina (EV: 9),58:52.0,R
South Carolina (EV: 9),51:21.7,R
South Carolina (EV: 9),42:56.7,R
South Carolina (EV: 9),34:48.8,R
South Carolina (EV: 9),17:51.6,R
South Carolina (EV: 9),37:31.8,R
South Carolina (EV: 9),30:23.0,R
South Carolina (EV: 9),25:09.9,R
South Carolina (EV: 9),11:02.2,R
South Carolina (EV: 9),51:26.3,R
South Carolina (EV: 9),43:36.0,R
South Carolina (EV: 9),40:11.6,R
South Carolina (EV: 9),15:43.8,R
South Carolina (EV: 9),08:50.5,R
South Carolina (EV: 9),40:44.5,R
South Carolina (EV: 9),32:20.7,R
South Carolina (EV: 9),05:29.3,R
South Carolina (EV: 9),49:49.5,R
South Carolina (EV: 9),32:19.1,R
South Carolina (EV: 9),13:06.4,R
South Carolina (EV: 9),03:11.4,R
South Carolina (EV: 9),27:32.4,R
South Carolina (EV: 9),17:54.9,R
South Carolina (EV: 9),45:38.0,R
South Carolina (EV: 9),01:29.8,R
South Carolina (EV: 9),13:32.3,R
South Carolina (EV: 9),12:37.0,R
South Carolina (EV: 9),09:07.2,R
South Carolina (EV: 9),06:03.9,R
South Carolina (EV: 9),15:32.0,R
South Carolina (EV: 9),19:33.4,R
South Carolina (EV: 9),12:21.9,R
South Carolina (EV: 9),16:30.1,R
South Carolina (EV: 9),41:10.9,R
South Carolina (EV: 9),28:06.8,R
South Carolina (EV: 9),16:26.7,R
South Carolina (EV: 9),00:02.1,R
South Carolina (EV: 9),14:43.5,R
South Carolina (EV: 9),12:19.9,R
South Carolina (EV: 9),21:00.6,R
South Carolina (EV: 9),13:03.5,R
South Carolina (EV: 9),40:57.3,R
South Carolina (EV: 9),41:18.7,R
South Carolina (EV: 9),16:47.7,R
South Carolina (EV: 9),04:22.0,R
South Carolina (EV: 9),41:26.6,R
South Carolina (EV: 9),28:06.7,R
South Carolina (EV: 9),28:22.1,R
South Dakota (EV: 3),12:24.0,R
South Dakota (EV: 3),57:03.9,R
South Dakota (EV: 3),52:35.1,R
South Dakota (EV: 3),35:19.5,R
South Dakota (EV: 3),22:20.4,R
South Dakota (EV: 3),14:54.2,R
South Dakota (EV: 3),27:06.1,R
South Dakota (EV: 3),29:35.2,R
South Dakota (EV: 3),50:48.5,R
South Dakota (EV: 3),52:38.3,R
South Dakota (EV: 3),41:08.6,R
South Dakota (EV: 3),56:46.4,R
South Dakota (EV: 3),46:20.8,R
South Dakota (EV: 3),36:35.4,R
South Dakota (EV: 3),31:50.2,R
South Dakota (EV: 3),26:47.0,R
South Dakota (EV: 3),02:13.8,R
South Dakota (EV: 3),36:33.9,R
South Dakota (EV: 3),57:33.6,R
South Dakota (EV: 3),49:45.3,R
South Dakota (EV: 3),14:43.5,R
South Dakota (EV: 3),01:03.8,R
South Dakota (EV: 3),56:26.6,R
South Dakota (EV: 3),52:58.2,R
South Dakota (EV: 3),50:52.4,R
South Dakota (EV: 3),37:45.3,R
South Dakota (EV: 3),12:19.9,R
South Dakota (EV: 3),48:16.5,R
South Dakota (EV: 3),48:31.1,R
South Dakota (EV: 3),15:15.7,R
South Dakota (EV: 3),57:21.5,R
South Dakota (EV: 3),16:47.7,R
South Dakota (EV: 3),25:02.0,R
South Dakota (EV: 3),12:53.5,R
South Dakota (EV: 3),03:50.7,R
South Dakota (EV: 3),58:54.9,R
South Dakota (EV: 3),52:05.6,R
South Dakota (EV: 3),41:34.7,R
South Dakota (EV: 3),31:44.9,R
South Dakota (EV: 3),21:22.3,R
South Dakota (EV: 3),17:08.8,R
South Dakota (EV: 3),28:22.1,R
Tennessee (EV: 11),51:34.7,R
Tennessee (EV: 11),51:18.1,R
Tennessee (EV: 11),28:22.1,R
Texas (EV: 38),59:24.0,R
Texas (EV: 38),28:02.7,R
Texas (EV: 38),15:41.6,R
Texas (EV: 38),55:42.4,R
Texas (EV: 38),47:41.7,R
Texas (EV: 38),39:42.2,R
Texas (EV: 38),30:41.6,R
Texas (EV: 38),13:53.0,R
Texas (EV: 38),01:32.7,R
Texas (EV: 38),04:13.4,R
Texas (EV: 38),31:33.2,R
Texas (EV: 38),54:52.7,R
Texas (EV: 38),24:50.3,R
Texas (EV: 38),15:29.5,R
Texas (EV: 38),51:34.7,R
Texas (EV: 38),23:42.3,R
Texas (EV: 38),46:45.0,R
Texas (EV: 38),17:25.5,R
Texas (EV: 38),56:52.6,R
Texas (EV: 38),44:56.1,R
Texas (EV: 38),02:18.2,R
Texas (EV: 38),17:59.1,R
Texas (EV: 38),51:05.9,R
Texas (EV: 38),14:55.5,R
Texas (EV: 38),03:00.5,R
Texas (EV: 38),30:56.7,R
Texas (EV: 38),14:54.2,R
Texas (EV: 38),30:39.2,R
Texas (EV: 38),12:24.9,R
Texas (EV: 38),40:09.6,R
Texas (EV: 38),13:59.8,R
Texas (EV: 38),10:40.0,R
Texas (EV: 38),35:53.7,R
Texas (EV: 38),24:14.1,R
Texas (EV: 38),21:28.6,R
Texas (EV: 38),28:30.3,R
Texas (EV: 38),28:00.2,R
Texas (EV: 38),16:49.3,R
Texas (EV: 38),49:45.3,R
Texas (EV: 38),41:34.1,R
Texas (EV: 38),58:39.9,R
Texas (EV: 38),37:49.6,R
Texas (EV: 38),13:03.5,R
Texas (EV: 38),16:02.3,R
Texas (EV: 38),48:24.3,R
Texas (EV: 38),35:13.1,R
Texas (EV: 38),28:22.1,R
Utah (EV: 6),52:20.7,R
Utah (EV: 6),53:56.5,R
Utah (EV: 6),26:51.8,R
Utah (EV: 6),32:01.7,R
Utah (EV: 6),18:58.0,R
Utah (EV: 6),32:18.4,R
Utah (EV: 6),16:59.4,R
Utah (EV: 6),57:17.8,R
Utah (EV: 6),23:21.6,R
Utah (EV: 6),46:03.5,R
Utah (EV: 6),01:02.6,R
Utah (EV: 6),27:03.2,R
Utah (EV: 6),38:54.2,R
Utah (EV: 6),59:53.0,R
Utah (EV: 6),47:25.6,R
Utah (EV: 6),30:24.5,R
Utah (EV: 6),11:42.3,R
Utah (EV: 6),14:24.1,R
Utah (EV: 6),24:11.0,R
Utah (EV: 6),09:26.4,R
Utah (EV: 6),13:22.8,R
Utah (EV: 6),07:44.3,R
Utah (EV: 6),14:54.8,R
Utah (EV: 6),51:34.7,R
Utah (EV: 6),23:42.3,R
Utah (EV: 6),14:20.7,R
Utah (EV: 6),05:21.2,R
Utah (EV: 6),12:43.8,R
Utah (EV: 6),02:51.8,R
Utah (EV: 6),54:03.0,R
Utah (EV: 6),23:05.1,R
Utah (EV: 6),05:23.5,R
Utah (EV: 6),14:19.9,R
Utah (EV: 6),44:06.9,R
Utah (EV: 6),32:30.0,R
Utah (EV: 6),51:49.7,R
Utah (EV: 6),46:05.7,R
Utah (EV: 6),20:08.5,R
Utah (EV: 6),06:00.5,R
Utah (EV: 6),07:08.3,R
Utah (EV: 6),03:00.5,R
Utah (EV: 6),55:18.4,R
Utah (EV: 6),42:18.1,R
Utah (EV: 6),25:57.7,R
Utah (EV: 6),15:13.6,R
Utah (EV: 6),01:29.8,R
Utah (EV: 6),14:43.5,R
Utah (EV: 6),01:02.9,R
Utah (EV: 6),04:57.1,R
Utah (EV: 6),28:22.1,R
Virginia (EV: 13),35:12.1,D
Virginia (EV: 13),06:10.5,D
Virginia (EV: 13),53:11.6,D
Virginia (EV: 13),33:49.8,D
Virginia (EV: 13),55:57.5,D
Virginia (EV: 13),48:37.8,D
Virginia (EV: 13),40:39.0,D
Virginia (EV: 13),31:58.7,D
Virginia (EV: 13),52:53.1,D
Virginia (EV: 13),36:09.4,D
Virginia (EV: 13),39:04.5,D
Virginia (EV: 13),37:04.2,D
Virginia (EV: 13),39:23.1,D
Virginia (EV: 13),34:03.9,D
Virginia (EV: 13),34:03.1,D
Virginia (EV: 13),26:23.5,D
Virginia (EV: 13),17:25.3,D
Virginia (EV: 13),12:24.0,D
Virginia (EV: 13),35:43.3,D
Virginia (EV: 13),35:21.1,D
Virginia (EV: 13),31:53.8,D
Virginia (EV: 13),51:34.7,D
Virginia (EV: 13),34:53.7,D
Virginia (EV: 13),37:15.2,D
Virginia (EV: 13),44:44.4,D
Virginia (EV: 13),23:42.3,D
Virginia (EV: 13),37:42.0,D
Virginia (EV: 13),33:21.8,D
Virginia (EV: 13),37:47.7,D
Virginia (EV: 13),37:24.9,D
Virginia (EV: 13),33:27.2,D
Virginia (EV: 13),32:01.7,D
Virginia (EV: 13),35:19.5,D
Virginia (EV: 13),07:20.6,D
Virginia (EV: 13),31:52.7,D
Virginia (EV: 13),37:15.6,D
Virginia (EV: 13),02:51.8,D
Virginia (EV: 13),36:23.2,D
Virginia (EV: 13),32:18.1,D
Virginia (EV: 13),05:23.5,D
Virginia (EV: 13),35:44.3,D
Virginia (EV: 13),35:01.6,D
Virginia (EV: 13),37:52.5,D
Virginia (EV: 13),21:49.8,D
Virginia (EV: 13),14:19.9,D
Virginia (EV: 13),48:38.0,D
Virginia (EV: 13),40:02.0,D
Virginia (EV: 13),43:52.9,D
Virginia (EV: 13),24:48.7,D
Virginia (EV: 13),41:11.6,D
Virginia (EV: 13),35:11.9,D
Virginia (EV: 13),36:14.1,D
Virginia (EV: 13),31:26.2,D
Virginia (EV: 13),38:26.2,D
Virginia (EV: 13),31:37.0,D
Virginia (EV: 13),38:15.5,D
Virginia (EV: 13),31:12.4,D
Virginia (EV: 13),32:33.8,D
Virginia (EV: 13),32:30.0,D
Virginia (EV: 13),40:49.8,D
Virginia (EV: 13),31:31.4,D
Virginia (EV: 13),32:34.1,D
Virginia (EV: 13),31:25.7,D
Virginia (EV: 13),34:23.9,D
Virginia (EV: 13),36:31.6,D
Virginia (EV: 13),35:54.4,D
Virginia (EV: 13),35:28.4,D
Virginia (EV: 13),40:56.2,D
Virginia (EV: 13),50:26.4,D
Virginia (EV: 13),43:16.4,D
Virginia (EV: 13),33:12.7,D
Virginia (EV: 13),32:23.5,D
Virginia (EV: 13),39:06.9,D
Virginia (EV: 13),30:56.7,D
Virginia (EV: 13),34:48.8,D
Virginia (EV: 13),37:31.8,D
Virginia (EV: 13),51:26.3,D
Virginia (EV: 13),47:36.9,D
Virginia (EV: 13),32:20.7,D
Virginia (EV: 13),49:49.5,D
Virginia (EV: 13),17:54.9,D
Virginia (EV: 13),16:48.1,D
Virginia (EV: 13),10:40.0,D
Virginia (EV: 13),01:39.5,D
Virginia (EV: 13),24:53.6,D
Virginia (EV: 13),16:43.5,D
Virginia (EV: 13),57:39.7,D
Virginia (EV: 13),22:40.3,D
Virginia (EV: 13),25:57.7,D
Virginia (EV: 13),21:28.2,D
Virginia (EV: 13),21:19.0,D
Virginia (EV: 13),26:02.7,D
Virginia (EV: 13),19:33.4,D
Virginia (EV: 13),01:03.8,D
Virginia (EV: 13),04:05.7,D
Virginia (EV: 13),06:10.4,D
Virginia (EV: 13),13:03.5,D
Virginia (EV: 13),15:15.7,D
Virginia (EV: 13),04:22.0,D
Virginia (EV: 13),28:22.1,D
Vermont (EV: 3),18:52.8,D
Vermont (EV: 3),57:32.1,D
Vermont (EV: 3),49:13.4,D
Vermont (EV: 3),33:12.2,D
Vermont (EV: 3),24:13.5,D
Vermont (EV: 3),13:53.0,D
Vermont (EV: 3),01:32.7,D
Vermont (EV: 3),49:14.0,D
Vermont (EV: 3),33:11.2,D
Vermont (EV: 3),30:03.8,D
Vermont (EV: 3),16:43.7,D
Vermont (EV: 3),40:44.5,D
Vermont (EV: 3),30:04.8,D
Vermont (EV: 3),45:43.8,D
Vermont (EV: 3),35:05.7,D
Vermont (EV: 3),55:45.8,D
Vermont (EV: 3),55:33.0,D
Vermont (EV: 3),27:15.9,D
Vermont (EV: 3),52:58.2,D
Vermont (EV: 3),33:35.0,D
Vermont (EV: 3),28:48.6,D
Vermont (EV: 3),56:14.3,D
Vermont (EV: 3),41:18.7,D
Vermont (EV: 3),16:47.7,D
Vermont (EV: 3),04:22.0,D
Vermont (EV: 3),37:07.2,D
Vermont (EV: 3),52:05.6,D
Vermont (EV: 3),17:08.8,D
Vermont (EV: 3),56:36.9,D
Vermont (EV: 3),28:22.1,D
Washington (EV: 12),57:11.5,D
Washington (EV: 12),21:00.4,D
Washington (EV: 12),00:41.8,D
Washington (EV: 12),47:05.3,D
Washington (EV: 12),43:44.4,D
Washington (EV: 12),26:42.2,D
Washington (EV: 12),44:09.8,D
Washington (EV: 12),22:29.9,D
Washington (EV: 12),50:10.0,D
Washington (EV: 12),44:09.9,D
Washington (EV: 12),33:50.4,D
Washington (EV: 12),18:29.3,D
Washington (EV: 12),12:40.1,D
Washington (EV: 12),32:01.7,D
Washington (EV: 12),32:38.4,D
Washington (EV: 12),24:01.2,D
Washington (EV: 12),52:58.4,D
Washington (EV: 12),12:38.5,D
Washington (EV: 12),04:15.4,D
Washington (EV: 12),38:54.2,D
Washington (EV: 12),42:52.6,D
Washington (EV: 12),15:12.1,D
Washington (EV: 12),39:04.5,D
Washington (EV: 12),49:23.5,D
Washington (EV: 12),21:23.6,D
Washington (EV: 12),59:43.8,D
Washington (EV: 12),30:24.5,D
Washington (EV: 12),46:24.0,D
Washington (EV: 12),38:25.3,D
Washington (EV: 12),27:03.3,D
Washington (EV: 12),11:42.3,D
Washington (EV: 12),48:31.3,D
Washington (EV: 12),22:08.0,D
Washington (EV: 12),00:45.5,D
Washington (EV: 12),49:46.6,D
Washington (EV: 12),09:26.4,D
Washington (EV: 12),29:24.4,D
Washington (EV: 12),13:22.8,D
Washington (EV: 12),23:05.1,D
Washington (EV: 12),25:23.0,D
Washington (EV: 12),49:34.9,D
Washington (EV: 12),14:54.8,D
Washington (EV: 12),51:34.7,D
Washington (EV: 12),23:42.3,D
Washington (EV: 12),16:21.9,D
Washington (EV: 12),57:02.0,D
Washington (EV: 12),49:41.3,D
Washington (EV: 12),24:41.9,D
Washington (EV: 12),54:22.4,D
Washington (EV: 12),46:42.8,D
Washington (EV: 12),38:41.4,D
Washington (EV: 12),24:54.0,D
Washington (EV: 12),56:52.6,D
Washington (EV: 12),37:15.6,D
Washington (EV: 12),11:30.8,D
Washington (EV: 12),51:18.1,D
Washington (EV: 12),02:51.8,D
Washington (EV: 12),51:44.9,D
Washington (EV: 12),43:49.3,D
Washington (EV: 12),36:23.2,D
Washington (EV: 12),30:22.6,D
Washington (EV: 12),03:56.6,D
Washington (EV: 12),44:48.3,D
Washington (EV: 12),11:20.7,D
Washington (EV: 12),38:15.4,D
Washington (EV: 12),24:13.3,D
Washington (EV: 12),40:56.2,D
Washington (EV: 12),28:19.2,D
Washington (EV: 12),23:52.5,D
Washington (EV: 12),05:24.7,D
Washington (EV: 12),50:26.4,D
Washington (EV: 12),43:16.4,D
Washington (EV: 12),06:00.5,D
Washington (EV: 12),51:37.7,D
Washington (EV: 12),47:09.1,D
Washington (EV: 12),43:16.5,D
Washington (EV: 12),14:55.5,D
Washington (EV: 12),58:52.0,D
Washington (EV: 12),25:45.2,D
Washington (EV: 12),58:12.2,D
Washington (EV: 12),39:41.1,D
Washington (EV: 12),07:55.2,D
Washington (EV: 12),57:28.8,D
Washington (EV: 12),22:40.3,D
Washington (EV: 12),10:47.9,D
Washington (EV: 12),50:53.5,D
Washington (EV: 12),46:52.6,D
Washington (EV: 12),35:53.7,D
Washington (EV: 12),11:13.1,D
Washington (EV: 12),01:17.4,D
Washington (EV: 12),51:41.2,D
Washington (EV: 12),45:38.0,D
Washington (EV: 12),01:29.8,D
Washington (EV: 12),37:23.8,D
Washington (EV: 12),29:17.3,D
Washington (EV: 12),24:54.8,D
Washington (EV: 12),39:36.2,D
Washington (EV: 12),58:35.5,D
Washington (EV: 12),59:02.5,D
Washington (EV: 12),43:11.2,D
Washington (EV: 12),24:21.8,D
Washington (EV: 12),21:51.2,D
Washington (EV: 12),03:41.7,D
Washington (EV: 12),02:56.3,D
Washington (EV: 12),00:02.1,D
Washington (EV: 12),55:33.0,D
Washington (EV: 12),44:49.8,D
Washington (EV: 12),16:49.3,D
Washington (EV: 12),59:26.3,D
Washington (EV: 12),49:45.3,D
Washington (EV: 12),41:34.1,D
Washington (EV: 12),14:43.5,D
Washington (EV: 12),54:27.4,D
Washington (EV: 12),32:34.9,D
Washington (EV: 12),28:22.1,D
Wisconsin (EV: 10),17:04.3,D
Wisconsin (EV: 10),22:02.4,D
Wisconsin (EV: 10),15:12.7,D
Wisconsin (EV: 10),04:13.4,D
Wisconsin (EV: 10),55:32.9,D
Wisconsin (EV: 10),38:52.3,D
Wisconsin (EV: 10),31:33.2,D
Wisconsin (EV: 10),23:13.2,D
Wisconsin (EV: 10),15:12.1,D
Wisconsin (EV: 10),35:43.3,D
Wisconsin (EV: 10),19:23.0,D
Wisconsin (EV: 10),01:04.1,D
Wisconsin (EV: 10),43:41.7,D
Wisconsin (EV: 10),36:21.9,D
Wisconsin (EV: 10),26:41.8,D
Wisconsin (EV: 10),18:43.3,D
Wisconsin (EV: 10),57:41.4,D
Wisconsin (EV: 10),07:08.3,D
Wisconsin (EV: 10),17:51.6,D
Wisconsin (EV: 10),41:08.6,D
Wisconsin (EV: 10),53:50.0,D
Wisconsin (EV: 10),40:57.3,D
Wisconsin (EV: 10),30:33.0,D
Wisconsin (EV: 10),57:21.5,D
Wisconsin (EV: 10),33:32.8,D
Wisconsin (EV: 10),28:22.1,D
West Virginia (EV: 5),18:14.2,R
West Virginia (EV: 5),01:02.6,R
West Virginia (EV: 5),47:25.6,R
West Virginia (EV: 5),28:30.8,R
West Virginia (EV: 5),15:45.2,R
West Virginia (EV: 5),34:03.9,R
West Virginia (EV: 5),51:34.7,R
West Virginia (EV: 5),23:42.3,R
West Virginia (EV: 5),44:40.7,R
West Virginia (EV: 5),13:21.9,R
West Virginia (EV: 5),29:47.9,R
West Virginia (EV: 5),21:39.5,R
West Virginia (EV: 5),17:25.6,R
West Virginia (EV: 5),16:41.7,R
West Virginia (EV: 5),23:05.1,R
West Virginia (EV: 5),44:56.1,R
West Virginia (EV: 5),35:01.6,R
West Virginia (EV: 5),19:13.9,R
West Virginia (EV: 5),40:02.0,R
West Virginia (EV: 5),30:48.1,R
West Virginia (EV: 5),59:40.5,R
West Virginia (EV: 5),43:52.9,R
West Virginia (EV: 5),41:11.6,R
West Virginia (EV: 5),45:34.3,R
West Virginia (EV: 5),23:36.7,R
West Virginia (EV: 5),21:22.3,R
West Virginia (EV: 5),28:22.1,R
Wyoming (EV: 3),19:53.9,R
Wyoming (EV: 3),14:13.7,R
Wyoming (EV: 3),39:54.6,R
Wyoming (EV: 3),50:08.2,R
Wyoming (EV: 3),28:22.1,R